timestamp,rpm,speed,coolant_temp,engine_load,throttle_pos
2026-09-02T13:06:09.725849,1295.0,0.0,89.6,43.1,24.7
2026-09-02T13:06:09.926011,1283.0,0.0,89.6,43.5,24.7
2026-09-02T13:06:10.126112,1287.5,0.0,89.6,43.5,
2026-09-02T13:06:10.457152,1296.0,0.0,89.6,43.1,24.7
2026-09-02T13:06:10.658042,1304.5,0.0,89.6,43.1,24.7
2026-09-02T13:06:10.858577,1305.25,0.0,89.6,42.7,24.7
2026-09-02T13:06:11.062618,1311.5,0.0,89.6,42.7,24.7
2026-09-02T13:06:11.262766,1311.5,0.0,89.6,42.7,24.7
2026-09-02T13:06:11.462862,1303.0,0.0,89.6,42.7,24.7
2026-09-02T13:06:11.662986,1312.5,0.0,89.6,42.7,24.7
2026-09-02T13:06:11.863097,1317.0,0.0,89.6,42.4,24.7
2026-09-02T13:06:12.063237,1309.25,0.0,89.6,42.7,24.7
2026-09-02T13:06:12.263352,1317.0,0.0,89.6,42.7,24.7
2026-09-02T13:06:12.463444,1307.0,0.0,89.6,42.7,24.7
2026-09-02T13:06:12.663532,1300.0,0.0,89.6,42.7,24.7
2026-09-02T13:06:12.863628,1304.5,0.0,89.6,42.7,24.7
2026-09-02T13:06:13.063754,1296.0,0.0,89.6,42.7,24.7
2026-09-02T13:06:13.263875,1294.5,0.0,89.6,42.7,24.7
2026-09-02T13:06:13.463963,1302.25,0.0,89.6,42.7,24.7
2026-09-02T13:06:13.664064,1307.75,0.0,89.6,42.7,24.7
2026-09-02T13:06:13.864170,1300.0,0.0,89.6,42.7,24.7
2026-09-02T13:06:14.064282,1314.75,0.0,89.6,42.0,24.7
2026-09-02T13:06:14.264390,1308.5,0.0,89.6,42.4,24.7
2026-09-02T13:06:14.464488,1303.75,0.0,89.6,42.4,24.7
2026-09-02T13:06:14.664584,1306.25,0.0,89.6,42.4,24.7
2026-09-02T13:06:14.864687,1307.0,0.0,89.6,42.4,24.7
2026-09-02T13:06:15.064797,1306.25,0.0,89.6,42.0,24.7
2026-09-02T13:06:15.264902,1302.25,0.0,89.6,42.0,24.7
2026-09-02T13:06:15.465030,1303.0,0.0,89.6,42.4,24.7
2026-09-02T13:06:15.665186,1301.5,0.0,89.6,42.0,24.7
2026-09-02T13:06:15.865260,1314.75,0.0,89.6,42.0,24.7
2026-09-02T13:06:16.065386,1308.5,0.0,89.6,42.0,24.7
2026-09-02T13:06:16.265479,1307.0,0.0,89.6,41.6,24.7
2026-09-02T13:06:16.465582,1285.0,0.0,89.6,42.0,24.7
2026-09-02T13:06:16.665679,1294.5,0.0,89.6,42.0,24.7
2026-09-02T13:06:16.866593,1301.5,0.0,89.6,41.6,24.3
2026-09-02T13:06:17.066929,1301.5,0.0,89.6,41.6,24.3
2026-09-02T13:06:17.267070,1289.75,0.0,89.6,42.0,24.3
2026-09-02T13:06:17.467179,1288.25,0.0,89.6,41.6,24.3
2026-09-02T13:06:17.667301,1298.25,0.0,89.6,41.6,24.3
2026-09-02T13:06:17.867407,1295.25,0.0,89.6,41.6,24.3
2026-09-02T13:06:18.067554,1307.0,0.0,89.6,41.2,24.3
2026-09-02T13:06:18.268659,1310.0,0.0,89.6,41.2,24.3
2026-09-02T13:06:18.468960,1292.75,0.0,89.6,41.2,24.3
2026-09-02T13:06:18.669066,1297.5,0.0,89.6,41.2,24.3
2026-09-02T13:06:18.869176,1295.25,0.0,89.6,41.2,24.3
2026-09-02T13:06:19.069302,1284.25,0.0,89.6,41.2,24.3
2026-09-02T13:06:19.269459,1285.75,0.0,89.6,41.2,24.3
2026-09-02T13:06:19.469545,1282.75,0.0,89.6,41.2,24.3
2026-09-02T13:06:19.669650,1294.5,0.0,89.6,41.2,24.3
2026-09-02T13:06:19.869812,1294.5,0.0,89.6,40.8,24.3
2026-09-02T13:06:20.069997,1298.25,0.0,89.6,40.8,24.3
2026-09-02T13:06:20.270101,1286.5,0.0,89.6,40.8,24.3
2026-09-02T13:06:20.470197,1309.25,0.0,89.6,40.4,24.3
2026-09-02T13:06:20.670301,1296.75,0.0,89.6,40.4,24.3
2026-09-02T13:06:20.870399,1292.75,0.0,89.6,40.8,23.9
2026-09-02T13:06:21.070549,1278.75,0.0,89.6,40.8,24.3
2026-09-02T13:06:21.270656,1292.75,0.0,89.6,40.8,24.3
2026-09-02T13:06:21.470758,1290.5,0.0,89.6,40.8,23.9
2026-09-02T13:06:21.670873,1275.0,0.0,89.6,40.4,23.5
2026-09-02T13:06:21.870978,1261.5,0.0,89.6,40.4,23.5
2026-09-02T13:06:22.071111,1239.75,0.0,89.6,41.6,23.5
2026-09-02T13:06:22.271269,1257.0,0.0,89.6,42.0,23.1
2026-09-02T13:06:22.471364,1267.75,0.0,89.6,40.0,22.7
2026-09-02T13:06:22.671479,1243.75,0.0,89.6,38.4,22.4
2026-09-02T13:06:22.871573,1050.0,0.0,89.6,43.5,22.0
2026-09-02T13:06:23.071692,964.75,0.0,89.6,52.2,22.0
2026-09-02T13:06:23.271833,955.25,0.0,89.6,55.7,21.6
2026-09-02T13:06:23.474611,966.25,0.6,89.6,54.9,21.6
2026-09-02T13:06:23.674711,959.25,1.2,89.6,55.3,21.6
2026-09-02T13:06:23.874818,957.75,1.9,89.6,56.1,17.6
2026-09-02T13:06:24.074917,918.75,1.9,89.6,40.0,17.3
2026-09-02T13:06:24.275026,903.75,2.5,89.6,36.5,18.4
2026-09-02T13:06:24.475153,945.25,2.5,89.6,31.0,18.4
2026-09-02T13:06:24.675321,938.25,2.5,89.6,30.6,18.0
2026-09-02T13:06:24.875420,930.25,2.5,89.6,29.4,18.0
2026-09-02T13:06:25.075601,910.0,2.5,89.6,30.2,18.0
2026-09-02T13:06:25.275698,897.5,3.1,89.6,31.0,18.4
2026-09-02T13:06:25.475791,901.5,3.1,89.6,31.8,18.0
2026-09-02T13:06:25.675884,926.5,3.1,89.6,30.6,18.0
2026-09-02T13:06:25.875985,934.25,3.1,89.6,29.8,18.4
2026-09-02T13:06:26.076095,949.0,3.1,89.6,29.4,18.0
2026-09-02T13:06:26.276197,964.0,3.7,89.6,28.2,18.0
2026-09-02T13:06:26.476292,969.5,3.7,89.6,27.5,18.0
2026-09-02T13:06:26.676383,977.25,3.7,89.6,26.7,18.0
2026-09-02T13:06:26.876491,975.0,4.3,89.6,26.3,18.0
2026-09-02T13:06:27.076591,992.0,4.3,89.6,25.5,18.0
2026-09-02T13:06:27.276706,1017.0,4.3,89.6,23.9,18.0
2026-09-02T13:06:27.476800,1035.75,4.3,89.6,22.7,18.0
2026-09-02T13:06:27.676917,1054.5,5.0,89.6,22.0,18.0
2026-09-02T13:06:27.877024,1067.75,5.0,89.6,21.2,18.4
2026-09-02T13:06:28.077133,1079.5,5.0,89.6,20.8,18.0
2026-09-02T13:06:28.277247,1131.25,5.6,89.6,19.6,18.4
2026-09-02T13:06:28.477561,1138.25,5.6,89.6,18.8,18.4
2026-09-02T13:06:28.677665,1167.75,5.6,89.6,20.8,19.6
2026-09-02T13:06:28.877770,1267.75,5.6,89.6,23.5,21.2
2026-09-02T13:06:29.077884,1396.75,6.2,89.6,26.7,21.6
2026-09-02T13:06:29.277994,1467.75,6.8,89.6,25.5,21.6
2026-09-02T13:06:29.478104,1500.75,6.8,89.6,23.9,22.0
2026-09-02T13:06:29.678208,1590.5,7.5,89.6,22.0,22.0
2026-09-02T13:06:29.878322,1635.0,8.1,89.6,20.4,22.0
2026-09-02T13:06:30.078521,1685.75,8.1,89.6,18.8,21.6
2026-09-02T13:06:30.278553,1720.25,8.7,89.6,16.1,21.2
2026-09-02T13:06:30.478657,1757.75,8.7,89.6,16.1,22.0
2026-09-02T13:06:30.678748,1834.25,9.3,89.6,16.5,22.0
2026-09-02T13:06:30.878856,1864.0,9.3,89.6,16.9,22.0
2026-09-02T13:06:31.078973,1652.25,9.9,89.6,18.8,21.2
2026-09-02T13:06:31.279082,1439.75,9.9,89.6,22.4,20.8
2026-09-02T13:06:31.479175,1410.0,10.6,89.6,23.9,20.8
2026-09-02T13:06:31.679269,1465.5,10.6,89.6,22.7,21.2
2026-09-02T13:06:31.879379,1480.25,11.2,89.6,22.4,21.2
2026-09-02T13:06:32.079476,1510.0,11.2,89.6,21.6,21.2
2026-09-02T13:06:32.279579,1535.0,,89.6,22.0,21.2
2026-09-02T13:06:32.612344,1485.75,11.8,89.6,22.4,21.2
2026-09-02T13:06:32.812440,1496.0,12.4,89.6,23.5,22.4
2026-09-02T13:06:33.012544,1553.75,12.4,89.6,24.7,22.4
2026-09-02T13:06:33.212661,1549.0,13.0,89.6,22.0,21.2
2026-09-02T13:06:33.412768,1487.5,13.0,89.6,22.7,21.2
2026-09-02T13:06:33.612869,1493.75,13.0,89.6,22.4,21.2
2026-09-02T13:06:33.812995,1500.75,13.0,89.6,22.4,20.4
2026-09-02T13:06:34.013125,1479.5,13.0,89.6,20.4,20.4
2026-09-02T13:06:34.213233,1518.75,13.0,89.6,19.2,20.8
2026-09-02T13:06:34.413343,1535.75,13.7,89.6,19.2,20.8
2026-09-02T13:06:34.613448,1521.75,13.7,89.6,18.8,20.8
2026-09-02T13:06:34.813553,1553.0,13.7,89.6,18.4,20.4
2026-09-02T13:06:35.013665,1542.75,13.7,89.6,15.7,16.5
2026-09-02T13:06:35.213790,1520.25,13.7,89.6,7.8,17.3
2026-09-02T13:06:35.413913,1533.5,13.7,89.6,6.7,16.5
2026-09-02T13:06:35.614019,1487.5,13.7,91.4,6.7,16.9
2026-09-02T13:06:35.814158,1476.5,13.7,91.4,6.7,16.5
2026-09-02T13:06:36.014244,1468.75,13.0,91.4,6.7,16.5
2026-09-02T13:06:36.214347,1453.0,13.0,91.4,6.7,16.5
2026-09-02T13:06:36.414443,1411.5,12.4,93.2,7.1,16.5
2026-09-02T13:06:36.614707,1367.0,12.4,93.2,7.1,16.5
2026-09-02T13:06:36.814801,1321.75,11.8,95.0,7.1,16.1
2026-09-02T13:06:37.014894,1280.25,11.8,95.0,7.1,16.1
2026-09-02T13:06:37.215008,1221.0,11.2,95.0,7.1,16.1
2026-09-02T13:06:37.415100,1181.25,10.6,96.8,7.1,15.7
2026-09-02T13:15:07.275161,1139.0,9.9,96.8,7.5,15.7
2026-09-02T13:15:07.475262,1106.25,9.9,96.8,8.2,16.1
2026-09-02T13:15:07.675361,1064.0,9.3,98.6,9.0,16.1
2026-09-02T13:15:07.875459,1054.5,9.3,98.6,10.2,16.1
2026-09-02T13:15:08.075566,1019.5,9.3,98.6,10.6,16.1
2026-09-02T13:15:08.275657,1001.5,8.7,98.6,11.8,16.1
2026-09-02T13:15:08.475778,986.5,8.7,100.4,12.2,16.1
2026-09-02T13:15:08.675864,965.5,8.7,100.4,12.9,16.1
2026-09-02T13:15:08.875970,957.75,8.1,100.4,13.3,16.1
2026-09-02T13:15:09.076060,940.5,8.1,102.2,14.1,16.1
2026-09-02T13:15:09.276188,923.25,8.1,102.2,14.9,16.1
2026-09-02T13:15:09.476300,907.75,8.1,102.2,18.0,17.6
2026-09-02T13:15:09.676396,970.25,7.5,102.2,23.1,18.0
2026-09-02T13:15:09.876492,1067.0,7.5,102.2,22.4,18.4
2026-09-02T13:15:10.076586,1055.25,7.5,102.2,22.0,18.4
2026-09-02T13:15:10.276679,1039.0,7.5,102.2,22.7,18.8
2026-09-02T13:15:10.476788,1066.25,7.5,102.2,24.7,18.8
2026-09-02T13:15:10.676890,1081.25,7.5,102.2,25.1,19.2
2026-09-02T13:15:10.877014,1101.5,7.5,102.2,25.5,19.2
2026-09-02T13:15:11.077123,1132.75,7.5,102.2,25.5,19.6
2026-09-02T13:15:11.277235,1153.75,7.5,102.2,25.5,20.0
2026-09-02T13:15:11.477339,1178.75,7.5,102.2,26.3,20.0
2026-09-02T13:15:11.677462,1232.75,7.5,102.2,26.3,20.4
2026-09-02T13:15:11.877570,1266.25,8.1,102.2,25.9,20.4
2026-09-02T13:15:12.077677,1284.25,8.1,102.2,25.9,20.4
2026-09-02T13:15:12.277791,1293.75,8.1,102.2,25.9,20.4
2026-09-02T13:15:12.477897,1320.25,8.7,102.2,26.3,20.8
2026-09-02T13:15:12.678000,1343.75,8.7,102.2,26.3,20.8
2026-09-02T13:15:12.878115,1365.5,9.3,102.2,25.9,20.8
2026-09-02T13:15:13.078243,1383.5,9.3,102.2,25.9,21.2
2026-09-02T13:15:13.278339,1409.25,9.9,104.0,25.5,21.2
2026-09-02T13:15:13.478494,1432.0,9.9,104.0,24.7,21.2
2026-09-02T13:15:13.678599,1470.25,10.6,104.0,23.9,21.6
2026-09-02T13:15:13.878714,1509.25,11.2,105.8,22.7,21.6
2026-09-02T13:15:14.078824,1497.5,11.2,105.8,23.1,21.2
2026-09-02T13:15:14.278932,1503.75,11.8,105.8,19.6,20.0
2026-09-02T13:15:14.479047,1492.0,12.4,107.6,17.6,19.2
2026-09-02T13:15:14.679154,1469.5,12.4,107.6,12.5,17.3
2026-09-02T13:15:14.879281,1411.5,13.0,107.6,9.0,16.9
2026-09-02T13:15:15.079404,1419.5,13.0,109.4,8.2,16.5
2026-09-02T13:15:15.279508,1420.25,13.0,109.4,7.5,16.5
2026-09-02T13:15:15.479614,1413.25,13.0,109.4,7.1,16.5
2026-09-02T13:15:15.679710,1429.5,13.0,111.2,6.7,16.5
2026-09-02T13:15:15.879828,1428.0,13.0,111.2,6.7,16.5
2026-09-02T13:15:16.079929,1450.75,13.0,111.2,6.7,16.5
2026-09-02T13:15:16.280050,1437.5,13.0,113.0,6.7,16.5
2026-09-02T13:15:16.480151,1443.75,13.0,113.0,6.7,16.5
2026-09-02T13:15:16.680255,1441.25,13.0,114.8,6.7,16.5
2026-09-02T13:15:16.880372,1442.0,13.0,114.8,6.7,16.5
2026-09-02T13:15:17.080487,1448.25,13.0,114.8,6.7,16.5
2026-09-02T13:15:17.280593,1441.25,13.0,114.8,6.7,16.5
2026-09-02T13:15:17.480734,1444.5,13.0,114.8,6.7,16.5
2026-09-02T13:15:17.680830,1438.25,13.0,114.8,6.7,16.5
2026-09-02T13:15:17.880958,1428.75,13.0,114.8,6.7,16.5
2026-09-02T13:15:18.081052,1404.5,13.0,114.8,7.1,16.5
2026-09-02T13:15:18.281165,1392.0,12.4,114.8,7.1,16.5
2026-09-02T13:15:18.481264,1367.0,12.4,114.8,7.1,16.5
2026-09-02T13:15:18.681423,1328.75,12.4,114.8,7.1,16.1
2026-09-02T13:15:18.881523,1299.0,11.8,114.8,7.1,16.1
2026-09-02T13:15:19.081624,1273.25,11.2,114.8,7.5,16.1
2026-09-02T13:15:19.281743,1227.25,11.2,114.8,7.5,16.1
2026-09-02T13:15:19.481853,1207.0,10.6,114.8,7.5,16.1
2026-09-02T13:15:19.681964,1171.0,10.6,113.0,7.5,15.7
2026-09-02T13:15:19.882063,1136.5,10.6,113.0,7.8,15.7
2026-09-02T13:15:20.082195,1110.75,9.9,113.0,8.2,15.7
2026-09-02T13:15:20.282300,1074.0,9.3,113.0,9.0,16.1
2026-09-02T13:15:20.482567,1028.0,9.3,113.0,9.8,16.5
2026-09-02T13:15:20.682519,974.0,8.7,113.0,12.2,16.1
2026-09-02T13:15:20.882630,932.0,8.1,113.0,14.1,16.1
2026-09-02T13:15:21.082723,903.75,7.5,113.0,15.3,16.1
2026-09-02T13:15:21.282823,844.5,6.2,113.0,18.0,16.5
2026-09-02T13:15:21.482926,789.75,5.6,113.0,22.0,16.9
2026-09-02T13:15:21.683048,740.5,5.0,113.0,23.9,16.5
2026-09-02T13:15:21.883181,696.0,4.3,113.0,26.7,16.5
2026-09-02T13:15:22.083275,671.0,3.7,113.0,29.0,16.5
2026-09-02T13:15:22.283387,679.5,3.1,113.0,29.4,16.9
2026-09-02T13:15:22.483495,684.25,3.1,113.0,29.4,16.5
2026-09-02T13:15:22.683615,679.5,2.5,113.0,29.4,16.5
2026-09-02T13:15:22.883709,680.25,2.5,113.0,29.8,16.5
2026-09-02T13:15:23.083806,686.5,2.5,113.0,29.8,16.5
2026-09-02T13:15:23.283901,680.25,2.5,113.0,29.8,16.9
2026-09-02T13:15:23.483997,682.0,2.5,113.0,29.8,16.5
2026-09-02T13:15:23.684103,695.25,3.1,113.0,31.0,16.9
2026-09-02T13:15:23.884215,720.25,3.1,113.0,34.1,17.6
2026-09-02T13:15:24.084361,798.25,3.1,114.8,42.7,20.0
2026-09-02T13:15:24.284457,1022.5,3.7,114.8,38.4,18.8
2026-09-02T13:15:24.484595,1130.25,3.7,114.8,28.2,20.4
2026-09-02T13:15:24.684702,1170.25,4.3,114.8,29.0,20.4
2026-09-02T13:15:24.884833,1226.5,5.0,116.6,27.5,20.4
2026-09-02T13:15:25.084962,1242.75,5.0,116.6,28.6,21.2
2026-09-02T13:15:25.285054,1321.0,5.0,118.4,30.2,21.6
2026-09-02T13:15:25.485146,1365.5,5.6,118.4,28.2,21.6
2026-09-02T13:15:25.685236,1348.25,5.6,118.4,27.8,21.6
2026-09-02T13:15:25.885407,1352.25,5.6,120.2,28.2,21.2
2026-09-02T13:15:26.085528,,6.2,122.0,28.6,22.0
2026-09-02T13:15:26.419798,1353.75,6.2,122.0,28.6,22.4
2026-09-02T13:15:26.619899,1414.75,6.2,122.0,29.8,22.4
2026-09-02T13:15:26.820018,1468.75,6.8,123.8,29.4,24.7
2026-09-02T13:15:27.020132,1631.25,6.8,123.8,31.8,25.9
2026-09-02T13:15:27.220220,1732.0,7.5,125.6,27.5,25.5
2026-09-02T13:15:27.420315,1743.75,8.1,125.6,29.8,28.6
2026-09-02T13:15:27.620425,1864.75,8.1,127.4,34.1,29.8
2026-09-02T13:15:27.820536,1951.5,8.7,127.4,34.9,30.2
2026-09-02T13:15:28.020644,1990.5,9.3,127.4,35.7,30.6
2026-09-02T13:15:28.220738,2009.25,9.9,127.4,36.1,30.6
2026-09-02T13:15:28.420841,2031.25,11.2,129.2,36.9,30.6
2026-09-02T13:15:28.620957,2045.25,11.8,129.2,36.5,30.6
2026-09-02T13:15:28.821086,2065.5,12.4,129.2,36.9,31.0
2026-09-02T13:15:29.021194,2109.25,13.0,129.2,38.0,31.4
2026-09-02T13:15:29.221314,2144.5,13.7,129.2,38.0,31.8
2026-09-02T13:15:29.421404,2178.75,14.3,129.2,38.8,32.2
2026-09-02T13:15:29.621520,2217.75,14.9,129.2,39.2,33.3
2026-09-02T13:15:29.821663,2260.75,15.5,129.2,41.2,34.9
2026-09-02T13:15:30.021810,2267.0,16.2,129.2,41.2,36.1
2026-09-02T13:15:30.221943,2308.5,16.8,129.2,42.4,37.3
2026-09-02T13:15:30.422168,2343.75,17.4,129.2,42.7,37.3
2026-09-02T13:15:30.622267,2389.0,18.0,129.2,43.1,38.0
2026-09-02T13:15:30.822410,2377.25,18.6,127.4,43.5,37.6
2026-09-02T13:15:31.022517,2337.5,19.3,127.4,43.1,36.9
2026-09-02T13:15:31.222610,2378.0,19.9,127.4,43.1,36.5
2026-09-02T13:15:31.422711,2385.75,20.5,127.4,42.4,35.3
2026-09-02T13:15:31.623085,2411.5,21.1,125.6,42.4,35.3
2026-09-02T13:15:31.823193,2475.0,21.7,125.6,42.4,35.3
2026-09-02T13:15:32.023306,2547.5,21.7,125.6,42.0,35.3
2026-09-02T13:15:32.223422,2461.5,22.4,125.6,43.5,37.6
2026-09-02T13:15:32.423528,1950.0,23.0,125.6,42.0,33.7
2026-09-02T13:15:32.623625,1838.25,23.6,125.6,41.2,32.9
2026-09-02T13:15:32.823750,1887.5,24.2,125.6,41.2,34.1
2026-09-02T13:15:33.023875,1928.0,24.2,125.6,41.6,34.9
2026-09-02T13:15:33.223980,1963.25,24.9,125.6,41.6,35.3
2026-09-02T13:15:33.424083,1999.0,25.5,125.6,41.6,35.7
2026-09-02T13:15:33.624201,2035.0,25.5,125.6,42.0,35.7
2026-09-02T13:15:33.824314,2069.5,26.1,125.6,42.0,35.7
2026-09-02T13:15:34.024438,2103.0,26.7,125.6,41.6,34.1
2026-09-02T13:15:34.224545,2137.5,27.3,125.6,41.2,34.1
2026-09-02T13:15:34.424661,2164.75,27.3,125.6,40.8,33.3
2026-09-02T13:15:34.624764,2199.0,28.0,125.6,40.8,34.1
2026-09-02T13:15:34.824892,2232.0,28.0,125.6,40.4,32.9
2026-09-02T13:15:35.025025,2252.25,28.6,125.6,38.0,30.6
2026-09-02T13:15:35.225160,2291.25,29.2,125.6,37.6,29.4
2026-09-02T13:15:35.425267,2310.0,29.2,125.6,35.7,29.4
2026-09-02T13:15:35.625378,2335.0,29.8,125.6,34.9,29.4
2026-09-02T13:15:35.825511,2292.75,29.8,125.6,33.3,28.6
2026-09-02T13:15:36.025619,1985.0,30.4,125.6,32.5,28.6
2026-09-02T13:15:36.225715,1939.0,30.4,125.6,33.7,28.6
2026-09-02T13:15:36.425814,1896.75,30.4,125.6,31.8,26.3
2026-09-02T13:15:36.625923,1880.25,30.4,125.6,29.4,26.7
2026-09-02T13:15:36.826055,1890.5,31.1,125.6,29.8,27.1
2026-09-02T13:15:37.026205,1906.25,31.1,125.6,29.8,27.1
2026-09-02T13:15:37.226297,2056.25,31.1,125.6,29.4,27.5
2026-09-02T13:15:37.426460,1878.75,31.1,125.6,29.4,26.7
2026-09-02T13:15:37.626516,1628.75,31.7,123.8,29.4,23.5
2026-09-02T13:15:37.826617,1622.5,31.7,123.8,27.1,23.9
2026-09-02T13:15:38.026718,1628.0,31.7,123.8,26.3,24.3
2026-09-02T13:15:38.226817,1636.5,31.7,123.8,25.5,24.3
2026-09-02T13:15:38.426931,1646.0,31.7,123.8,25.1,24.3
2026-09-02T13:15:38.627021,1657.0,31.7,123.8,25.1,24.3
2026-09-02T13:15:38.827130,1662.5,32.3,123.8,24.7,24.3
2026-09-02T13:15:39.027242,1668.75,32.3,123.8,24.7,24.3
2026-09-02T13:15:39.227331,1671.75,32.3,123.8,24.3,24.3
2026-09-02T13:15:39.427424,1676.5,32.3,122.0,24.3,24.7
2026-09-02T13:15:39.627515,1685.75,32.3,122.0,24.3,24.7
2026-09-02T13:15:39.827627,1692.0,32.9,122.0,24.3,24.7
2026-09-02T13:15:40.027757,1701.5,32.9,122.0,24.3,24.7
2026-09-02T13:15:40.227857,1707.75,32.9,122.0,24.7,24.7
2026-09-02T13:15:40.430945,1719.5,32.9,123.8,24.7,24.7
2026-09-02T13:15:40.633937,1720.25,33.6,123.8,24.3,24.7
2026-09-02T13:15:40.834113,1727.25,33.6,123.8,24.3,25.1
2026-09-02T13:15:41.034233,1740.5,33.6,123.8,24.7,24.7
2026-09-02T13:15:41.234514,1746.75,33.6,123.8,24.3,25.1
2026-09-02T13:15:41.434593,1760.0,33.6,125.6,24.7,25.1
2026-09-02T13:15:41.634675,1757.0,34.2,125.6,24.7,25.1
2026-09-02T13:15:41.834788,1754.5,34.2,125.6,24.7,25.1
2026-09-02T13:15:42.034891,1761.5,34.2,125.6,24.3,25.1
2026-09-02T13:15:42.234996,1770.25,34.2,125.6,24.7,25.1
2026-09-02T13:15:42.435102,1773.25,34.2,125.6,25.1,25.1
2026-09-02T13:15:42.635197,1776.5,34.2,127.4,25.1,25.1
2026-09-02T13:15:42.835298,1767.75,34.2,127.4,24.7,25.1
2026-09-02T13:15:43.035398,1768.75,34.2,127.4,24.3,25.1
2026-09-02T13:15:43.235494,1746.75,34.8,127.4,24.3,25.1
2026-09-02T13:15:43.435596,1541.25,34.8,129.2,28.2,23.9
2026-09-02T13:15:43.635696,1421.0,34.2,129.2,32.5,23.9
2026-09-02T13:15:43.835799,1406.25,34.8,129.2,34.1,23.9
2026-09-02T13:15:44.035898,1408.5,34.8,131.0,34.1,23.9
2026-09-02T13:15:44.236030,1401.5,34.8,131.0,33.7,22.7
2026-09-02T13:15:44.436128,1399.0,34.8,131.0,31.8,22.7
2026-09-02T13:15:44.636270,1403.75,34.8,132.8,31.8,23.1
2026-09-02T13:15:44.836445,1407.75,34.8,132.8,31.4,23.1
2026-09-02T13:15:45.036547,1411.5,34.8,134.6,31.0,23.1
2026-09-02T13:15:45.236638,1412.5,34.8,136.4,31.4,23.1
2026-09-02T13:15:45.436749,1415.5,34.8,136.4,31.8,23.5
2026-09-02T13:15:45.636858,1424.0,34.8,138.2,32.5,23.5
2026-09-02T13:15:45.836977,1422.5,34.8,138.2,32.5,23.5
2026-09-02T13:15:46.037095,1415.5,34.8,140.0,32.5,23.5
2026-09-02T13:15:46.237193,1418.75,34.8,140.0,32.5,23.5
2026-09-02T13:15:46.437308,1424.0,34.8,140.0,32.5,23.5
2026-09-02T13:15:46.637415,1421.0,34.8,141.8,32.9,23.5
2026-09-02T13:15:46.837538,1420.25,34.8,141.8,32.5,23.5
2026-09-02T13:15:47.037652,1421.0,34.8,141.8,32.2,23.5
2026-09-02T13:15:47.237769,1419.5,34.8,141.8,32.5,23.5
2026-09-02T13:15:47.437884,1420.25,34.8,143.6,32.2,23.5
2026-09-02T13:15:47.637995,1418.75,34.8,143.6,32.2,23.5
2026-09-02T13:15:47.838117,1419.5,34.8,143.6,31.8,23.5
2026-09-02T13:15:48.038238,1423.25,34.8,143.6,31.4,23.5
2026-09-02T13:15:48.238349,1426.5,34.8,143.6,31.4,23.5
2026-09-02T13:15:48.438523,1425.0,34.8,145.4,31.4,23.1
2026-09-02T13:15:48.638630,1425.75,34.8,145.4,31.4,23.1
2026-09-02T13:15:48.838756,1428.75,34.8,145.4,31.0,23.5
2026-09-02T13:15:49.038871,1431.25,34.8,145.4,32.2,24.7
2026-09-02T13:15:49.238984,1463.25,35.4,147.2,40.0,30.2
2026-09-02T13:15:49.439091,1485.0,35.4,147.2,46.7,34.9
2026-09-02T13:15:49.639196,1435.0,35.4,147.2,48.6,32.5
2026-09-02T13:15:49.839310,1435.75,35.4,149.0,46.7,28.2
2026-09-02T13:15:50.039426,1427.25,35.4,149.0,41.2,24.3
2026-09-02T13:15:50.239546,1438.25,35.4,149.0,37.3,24.7
2026-09-02T13:15:50.439651,1437.5,35.4,150.8,35.7,23.9
2026-09-02T13:15:50.639947,1441.25,35.4,150.8,34.9,24.3
2026-09-02T13:15:50.840061,1457.0,35.4,150.8,36.5,25.5
2026-09-02T13:15:51.040177,1460.0,35.4,150.8,38.0,27.5
2026-09-02T13:15:51.240306,1471.0,35.4,152.6,41.2,27.5
2026-09-02T13:15:51.440427,1450.0,35.4,152.6,41.6,27.5
2026-09-02T13:15:51.640589,1447.5,35.4,152.6,42.0,27.5
2026-09-02T13:15:51.840730,1443.75,35.4,152.6,42.4,27.5
2026-09-02T13:15:52.040829,1445.25,35.4,152.6,42.4,27.1
2026-09-02T13:15:52.240912,1442.75,35.4,154.4,42.4,26.7
2026-09-02T13:15:52.441036,1439.75,35.4,154.4,41.6,26.7
2026-09-02T13:15:52.641129,1436.5,35.4,154.4,41.6,25.1
2026-09-02T13:15:52.841235,1420.25,35.4,154.4,36.5,23.9
2026-09-02T13:15:53.041332,1426.5,35.4,154.4,34.9,23.5
2026-09-02T13:15:53.241430,1428.0,35.4,154.4,32.9,23.5
2026-09-02T13:15:53.441545,1428.75,35.4,156.2,32.2,23.5
2026-09-02T13:15:53.641633,1432.0,35.4,156.2,31.8,23.5
2026-09-02T13:15:53.841738,1431.25,35.4,156.2,31.8,23.5
2026-09-02T13:15:54.041837,1435.0,35.4,156.2,31.8,23.5
2026-09-02T13:15:54.241937,1438.25,35.4,156.2,31.8,23.5
2026-09-02T13:15:54.442038,1439.0,35.4,156.2,31.8,23.5
2026-09-02T13:15:54.642133,1435.75,35.4,156.2,31.4,23.5
2026-09-02T13:15:54.842253,1437.5,35.4,156.2,31.4,23.5
2026-09-02T13:15:55.042345,1442.0,35.4,156.2,31.4,23.5
2026-09-02T13:15:55.242505,1441.25,35.4,156.2,31.4,23.9
2026-09-02T13:15:55.442641,1435.75,35.4,156.2,29.8,20.4
2026-09-02T13:15:55.642748,1404.5,35.4,156.2,20.0,20.0
2026-09-02T13:15:55.842860,1413.25,35.4,156.2,20.4,19.2
2026-09-02T13:15:56.042970,1410.75,35.4,156.2,18.0,18.4
2026-09-02T13:15:56.243067,1406.25,35.4,156.2,15.7,18.0
2026-09-02T13:15:56.443168,1381.25,34.8,156.2,10.2,16.5
2026-09-02T13:15:56.643264,1388.25,34.8,156.2,7.8,16.9
2026-09-02T13:15:56.843384,1384.25,34.8,156.2,7.8,16.5
2026-09-02T13:15:57.043494,1381.25,34.8,156.2,7.8,16.5
2026-09-02T13:15:57.243596,1374.0,34.2,156.2,7.8,16.5
2026-09-02T13:15:57.443709,1372.5,34.2,156.2,8.6,17.3
2026-09-02T13:15:57.643832,1363.25,34.2,156.2,9.0,17.3
2026-09-02T13:15:57.843934,1351.5,33.6,156.2,9.4,17.3
2026-09-02T13:15:58.044039,1344.5,33.6,154.4,10.2,17.6
2026-09-02T13:15:58.244145,1341.25,,154.4,12.9,18.4
2026-09-02T13:15:58.581748,1339.75,33.6,154.4,13.7,18.4
2026-09-02T13:15:58.781870,1332.0,32.9,154.4,16.1,19.6
2026-09-02T13:15:58.981990,1322.5,32.9,154.4,18.8,20.4
2026-09-02T13:15:59.182105,1314.75,32.9,154.4,22.7,20.4
2026-09-02T13:15:59.382209,1317.0,32.9,152.6,23.9,20.8
2026-09-02T13:15:59.582328,1317.0,32.9,152.6,25.5,21.2
2026-09-02T13:15:59.782460,1312.5,32.9,152.6,27.1,21.2
2026-09-02T13:15:59.982535,1314.75,32.9,152.6,27.8,22.4
2026-09-02T13:16:00.182626,1313.25,32.9,152.6,32.9,23.9
2026-09-02T13:16:00.382725,1306.25,32.9,150.8,39.2,25.5
2026-09-02T13:16:00.582817,1326.5,32.9,150.8,42.0,25.5
2026-09-02T13:16:00.782910,1325.0,32.9,150.8,42.4,25.5
2026-09-02T13:16:00.983010,1322.5,32.9,150.8,42.7,25.5
2026-09-02T13:16:01.183104,1333.5,32.9,150.8,43.9,27.8
2026-09-02T13:16:01.383197,1339.0,32.9,149.0,46.7,27.5
2026-09-02T13:16:01.583288,1342.75,32.9,149.0,47.1,27.5
2026-09-02T13:16:01.783387,1346.0,33.6,149.0,47.5,28.2
2026-09-02T13:16:01.983491,1347.5,33.6,149.0,47.5,27.5
2026-09-02T13:16:02.183590,1350.0,33.6,149.0,47.1,27.5
2026-09-02T13:16:02.383696,1367.0,33.6,149.0,50.2,32.9
2026-09-02T13:16:02.583791,1366.25,33.6,149.0,54.1,33.3
2026-09-02T13:16:02.783890,1369.5,33.6,149.0,54.5,32.2
2026-09-02T13:16:02.983991,1360.0,33.6,147.2,53.7,32.5
2026-09-02T13:16:03.184082,1375.75,34.2,147.2,53.7,32.5
2026-09-02T13:16:03.384174,1385.0,34.2,147.2,52.9,29.4
2026-09-02T13:16:03.584271,1381.25,34.2,147.2,50.6,28.6
2026-09-02T13:16:03.784368,1389.75,34.2,147.2,49.4,28.2
2026-09-02T13:16:03.984478,1394.5,34.2,147.2,47.8,27.5
2026-09-02T13:16:04.184576,1399.0,34.8,147.2,46.7,27.1
2026-09-02T13:16:04.384679,1396.75,34.8,147.2,43.5,24.3
2026-09-02T13:16:04.584787,1395.25,34.8,147.2,40.8,24.7
2026-09-02T13:16:04.784895,1401.5,34.8,147.2,40.0,25.1
2026-09-02T13:16:04.985013,1410.75,34.8,147.2,39.2,25.1
2026-09-02T13:16:05.185131,1410.75,34.8,147.2,39.2,24.7
2026-09-02T13:16:05.385238,1411.5,34.8,147.2,38.8,24.7
2026-09-02T13:16:05.585351,1414.0,34.8,147.2,38.0,24.7
2026-09-02T13:16:05.785462,1419.5,34.8,147.2,37.6,25.1
2026-09-02T13:16:05.985579,1424.0,34.8,147.2,37.6,24.7
2026-09-02T13:16:06.185682,1416.25,34.8,147.2,37.3,24.7
2026-09-02T13:16:06.385787,1419.5,34.8,147.2,36.5,24.7
2026-09-02T13:16:06.585909,1425.75,34.8,147.2,36.1,24.3
2026-09-02T13:16:06.786017,1421.75,34.8,147.2,35.3,24.3
2026-09-02T13:16:06.986150,1426.5,34.8,147.2,35.3,24.3
2026-09-02T13:16:07.186298,1433.5,35.4,147.2,35.3,24.3
2026-09-02T13:16:07.386396,1429.5,34.8,147.2,34.9,24.3
2026-09-02T13:16:07.586556,1428.75,34.8,147.2,34.9,24.3
2026-09-02T13:16:07.786662,1425.75,34.8,147.2,34.5,24.3
2026-09-02T13:16:07.986780,1432.0,35.4,149.0,34.5,24.7
2026-09-02T13:16:08.186909,1435.0,35.4,149.0,34.9,24.3
2026-09-02T13:16:08.387030,1425.75,35.4,149.0,30.6,21.2
2026-09-02T13:16:08.587145,1406.25,35.4,149.0,23.1,20.4
2026-09-02T13:16:08.787253,1403.75,35.4,150.8,23.1,20.8
2026-09-02T13:16:08.987374,1410.0,34.8,150.8,23.5,21.2
2026-09-02T13:16:09.187494,1404.5,34.8,150.8,24.7,21.2
2026-09-02T13:16:09.387613,1400.0,34.8,150.8,24.7,21.2
2026-09-02T13:16:09.587716,1401.5,34.8,150.8,25.1,21.2
2026-09-02T13:16:09.787841,1400.0,34.8,150.8,25.1,21.2
2026-09-02T13:16:09.987961,1390.5,34.8,150.8,25.5,21.2
2026-09-02T13:16:10.188074,1393.75,34.8,150.8,25.5,21.2
2026-09-02T13:16:10.388187,1389.0,34.8,150.8,25.9,21.2
2026-09-02T13:16:10.588296,1391.25,34.8,150.8,25.9,21.6
2026-09-02T13:16:10.788402,1392.75,34.8,150.8,27.1,22.0
2026-09-02T13:16:10.988515,1385.0,34.8,150.8,27.5,22.0
2026-09-02T13:16:11.188622,1390.5,34.8,150.8,27.8,22.0
2026-09-02T13:16:11.388741,1385.75,34.8,150.8,29.0,22.4
2026-09-02T13:16:11.588844,1377.25,34.8,150.8,29.0,22.0
2026-09-02T13:16:11.788966,1383.5,34.8,149.0,29.0,22.0
2026-09-02T13:16:11.989070,1386.5,34.8,150.8,28.6,22.0
2026-09-02T13:16:12.189178,1386.5,34.8,150.8,28.6,22.0
2026-09-02T13:16:12.389283,1382.75,34.8,150.8,29.0,22.0
2026-09-02T13:16:12.589397,1381.25,34.2,150.8,28.6,22.4
2026-09-02T13:16:12.789502,1385.0,34.8,150.8,29.0,22.4
2026-09-02T13:16:12.989622,1382.0,34.8,150.8,29.0,22.4
2026-09-02T13:16:13.189748,1376.5,34.2,150.8,29.0,22.0
2026-09-02T13:16:13.389860,1383.5,34.2,150.8,29.0,22.0
2026-09-02T13:16:13.589983,1380.25,34.2,150.8,29.0,22.4
2026-09-02T13:16:13.790094,1380.25,34.8,150.8,29.4,22.4
2026-09-02T13:16:13.990208,1381.25,34.2,150.8,29.8,22.4
2026-09-02T13:16:14.190312,1382.0,34.2,150.8,30.2,23.1
2026-09-02T13:16:14.390461,1379.5,34.2,150.8,32.2,23.1
2026-09-02T13:16:14.590492,1380.25,34.2,150.8,33.7,23.9
2026-09-02T13:16:14.790607,1378.75,34.2,152.6,34.9,23.9
2026-09-02T13:16:14.990725,1378.75,34.2,152.6,34.9,23.9
2026-09-02T13:16:15.190831,1383.5,34.8,152.6,35.3,23.9
2026-09-02T13:16:15.390940,1385.75,34.8,152.6,35.7,23.9
2026-09-02T13:16:15.591052,1389.0,34.8,152.6,35.3,24.3
2026-09-02T13:16:15.791166,1380.25,34.8,152.6,36.5,24.3
2026-09-02T13:16:15.991286,1383.5,34.8,154.4,36.5,24.3
2026-09-02T13:16:16.191389,1384.25,34.8,154.4,36.5,24.3
2026-09-02T13:16:16.391508,1389.75,34.8,154.4,36.5,23.9
2026-09-02T13:16:16.591623,1390.5,34.8,154.4,35.7,23.9
2026-09-02T13:16:16.791729,1394.5,34.8,154.4,35.7,23.9
2026-09-02T13:16:16.991839,1392.0,34.8,154.4,36.1,23.9
2026-09-02T13:16:17.191940,1388.25,34.8,154.4,35.7,23.9
2026-09-02T13:16:17.392061,1389.75,34.8,154.4,35.3,23.9
2026-09-02T13:16:17.592169,1401.5,34.8,154.4,34.9,23.9
2026-09-02T13:16:17.792276,1397.5,34.8,154.4,34.9,23.9
2026-09-02T13:16:17.992413,1397.5,34.8,156.2,34.9,23.9
2026-09-02T13:16:18.192516,1404.5,34.8,156.2,34.1,23.9
2026-09-02T13:16:18.392623,1405.25,34.8,156.2,34.5,23.9
2026-09-02T13:16:18.592734,1397.5,34.8,156.2,33.7,23.5
2026-09-02T13:16:18.792845,1403.75,34.8,156.2,33.3,23.5
2026-09-02T13:16:18.992967,1403.75,34.8,156.2,33.3,23.5
2026-09-02T13:16:19.193064,1399.0,34.8,156.2,33.3,23.5
2026-09-02T13:16:19.393176,1403.75,34.8,156.2,33.3,23.9
2026-09-02T13:16:19.593301,1404.5,34.8,156.2,33.7,23.9
2026-09-02T13:16:19.793408,1403.0,34.8,156.2,34.5,23.9
2026-09-02T13:16:19.993532,1410.75,35.4,156.2,34.1,23.9
2026-09-02T13:16:20.193643,1407.75,34.8,156.2,34.5,23.9
2026-09-02T13:16:20.393753,1403.0,35.4,156.2,34.1,23.9
2026-09-02T13:16:20.593860,1401.5,35.4,154.4,34.1,23.5
2026-09-02T13:16:20.793970,1408.5,35.4,154.4,33.7,23.9
2026-09-02T13:16:20.994087,1406.25,35.4,154.4,33.7,23.9
2026-09-02T13:16:21.194185,1406.25,35.4,154.4,34.1,23.9
2026-09-02T13:16:21.394294,1413.25,35.4,154.4,33.3,23.9
2026-09-02T13:16:21.594495,1417.75,35.4,154.4,32.9,23.9
2026-09-02T13:16:21.794516,1410.75,35.4,154.4,32.9,23.9
2026-09-02T13:16:21.994629,1414.75,35.4,154.4,32.9,23.9
2026-09-02T13:16:22.194752,1418.75,35.4,154.4,32.9,23.9
2026-09-02T13:16:22.394853,,35.4,154.4,32.5,23.9
2026-09-02T13:16:22.727878,1414.75,35.4,154.4,32.5,23.9
2026-09-02T13:16:22.927994,1418.75,35.4,154.4,32.9,23.9
2026-09-02T13:16:23.128095,1421.0,35.4,154.4,32.5,23.9
2026-09-02T13:16:23.328201,1417.75,35.4,154.4,32.5,23.9
2026-09-02T13:16:23.528304,1423.25,35.4,154.4,32.5,23.9
2026-09-02T13:16:23.728412,1420.25,35.4,154.4,32.9,23.9
2026-09-02T13:16:23.928520,1416.25,35.4,154.4,32.5,23.5
2026-09-02T13:16:24.128638,1423.25,35.4,154.4,31.8,23.5
2026-09-02T13:16:24.328757,1423.25,35.4,154.4,31.4,23.5
2026-09-02T13:16:24.528866,1417.0,35.4,154.4,31.4,23.5
2026-09-02T13:16:24.728985,1418.75,35.4,154.4,31.4,23.5
2026-09-02T13:16:24.929098,1421.0,35.4,154.4,30.2,23.1
2026-09-02T13:16:25.129207,1425.0,35.4,154.4,28.2,22.7
2026-09-02T13:16:25.329304,1425.0,35.4,154.4,28.6,22.7
2026-09-02T13:16:25.529421,1421.0,35.4,154.4,28.2,22.7
2026-09-02T13:16:25.729523,1415.5,35.4,154.4,28.6,22.7
2026-09-02T13:16:25.929634,1414.0,35.4,154.4,28.6,22.7
2026-09-02T13:16:26.129758,1425.0,35.4,154.4,28.2,22.7
2026-09-02T13:16:26.329892,1419.5,35.4,154.4,28.2,22.7
2026-09-02T13:16:26.530004,1421.75,35.4,154.4,28.2,22.7
2026-09-02T13:16:26.730119,1421.0,35.4,154.4,28.2,22.7
2026-09-02T13:16:26.930236,1419.5,35.4,154.4,28.6,22.7
2026-09-02T13:16:27.130341,1421.0,35.4,154.4,29.0,22.7
2026-09-02T13:16:27.330543,1421.0,35.4,154.4,29.0,22.7
2026-09-02T13:16:27.530640,1421.0,35.4,154.4,28.6,22.7
2026-09-02T13:16:27.730755,1420.25,35.4,154.4,28.6,22.7
2026-09-02T13:16:27.930876,1427.25,35.4,154.4,29.0,23.1
2026-09-02T13:16:28.130976,1428.0,35.4,154.4,30.2,23.5
2026-09-02T13:16:28.331085,1425.0,35.4,154.4,31.8,23.9
2026-09-02T13:16:28.531192,1427.25,35.4,154.4,31.8,23.9
2026-09-02T13:16:28.731293,1428.0,36.0,154.4,31.8,24.3
2026-09-02T13:16:28.931408,1431.25,36.0,154.4,32.9,24.7
2026-09-02T13:16:29.131519,1439.0,36.0,154.4,33.7,24.7
2026-09-02T13:16:29.331625,1440.5,36.0,154.4,33.7,24.3
2026-09-02T13:16:29.531736,1442.0,36.0,154.4,33.3,24.3
2026-09-02T13:16:29.731839,1442.0,36.0,154.4,32.9,24.7
2026-09-02T13:16:29.931967,1443.75,36.0,154.4,32.9,24.7
2026-09-02T13:16:30.132105,1447.5,36.0,154.4,32.9,24.7
2026-09-02T13:16:30.332190,1457.75,36.0,154.4,32.9,24.7
2026-09-02T13:16:30.532295,1454.5,36.0,154.4,32.2,24.3
2026-09-02T13:16:30.732400,1457.75,36.0,154.4,31.8,24.3
2026-09-02T13:16:30.932512,1460.75,36.0,154.4,31.8,24.3
2026-09-02T13:16:31.132622,1462.5,36.0,154.4,31.4,24.3
2026-09-02T13:16:31.332735,1466.25,36.0,154.4,31.4,24.3
2026-09-02T13:16:31.532839,1464.75,36.0,154.4,31.0,23.5
2026-09-02T13:16:31.732978,1460.75,36.0,154.4,29.4,22.7
2026-09-02T13:16:31.933100,1456.25,36.0,154.4,27.1,22.7
2026-09-02T13:16:32.133202,1464.0,36.0,154.4,26.7,22.7
2026-09-02T13:16:32.333318,1458.5,36.0,154.4,25.9,22.0
2026-09-02T13:16:32.533426,1451.5,36.0,154.4,24.7,22.0
2026-09-02T13:16:32.733533,1458.5,36.0,154.4,24.7,22.0
2026-09-02T13:16:32.933649,1444.5,36.0,154.4,25.1,22.7
2026-09-02T13:16:33.133766,1426.5,36.0,156.2,25.9,22.0
2026-09-02T13:16:33.333875,1432.0,36.0,156.2,25.5,22.0
2026-09-02T13:16:33.533984,1430.25,36.0,156.2,25.1,21.2
2026-09-02T13:16:33.734086,1435.75,36.0,156.2,24.3,21.6
2026-09-02T13:16:33.934204,1433.5,35.4,156.2,23.9,21.6
2026-09-02T13:16:34.134302,1434.25,36.0,156.2,24.3,21.6
2026-09-02T13:16:34.334445,1432.0,35.4,156.2,24.3,21.6
2026-09-02T13:16:34.534500,1426.5,35.4,156.2,24.3,21.2
2026-09-02T13:16:34.734607,1419.5,35.4,156.2,24.3,20.4
2026-09-02T13:16:34.934725,1421.0,35.4,156.2,22.0,20.4
2026-09-02T13:16:35.134834,1417.0,35.4,156.2,20.4,20.0
2026-09-02T13:16:35.334944,1410.75,35.4,156.2,20.0,19.6
2026-09-02T13:16:35.535056,1406.25,35.4,156.2,19.2,19.6
2026-09-02T13:16:35.735164,1404.5,34.8,156.2,19.2,19.6
2026-09-02T13:16:35.935280,1400.75,34.8,156.2,18.8,19.2
2026-09-02T13:16:36.135392,1392.75,34.8,156.2,16.1,15.7
2026-09-02T13:16:36.335511,1386.5,34.8,156.2,9.0,16.5
2026-09-02T13:16:36.535629,1392.0,34.8,156.2,8.2,16.5
2026-09-02T13:16:36.735755,1381.25,34.8,156.2,8.2,16.5
2026-09-02T13:16:36.935873,1370.25,34.2,156.2,8.2,16.5
2026-09-02T13:16:37.135979,1353.75,34.2,158.0,7.8,16.5
2026-09-02T13:16:37.336106,1332.0,33.6,156.2,7.5,17.3
2026-09-02T13:16:37.536212,1332.0,33.6,158.0,8.6,18.4
2026-09-02T13:16:37.736313,1352.25,33.6,158.0,14.5,18.4
2026-09-02T13:16:37.936429,1335.75,32.9,158.0,14.9,18.4
2026-09-02T13:16:38.136531,1332.75,33.6,158.0,14.9,18.4
2026-09-02T13:16:38.336639,1329.5,33.6,156.2,15.3,18.4
2026-09-02T13:16:38.536767,1324.0,32.9,156.2,15.3,18.8
2026-09-02T13:16:38.736872,1323.25,32.9,158.0,15.3,18.4
2026-09-02T13:16:38.936990,1316.25,32.9,158.0,15.7,18.4
2026-09-02T13:16:39.137103,1312.5,32.9,158.0,15.7,18.4
2026-09-02T13:16:39.337216,1302.25,32.3,156.2,15.3,18.4
2026-09-02T13:16:39.537319,1307.0,32.3,156.2,15.7,18.4
2026-09-02T13:16:39.737435,1295.25,32.3,156.2,14.9,18.4
2026-09-02T13:16:39.937546,1301.5,32.3,156.2,12.9,17.6
2026-09-02T13:16:40.137650,1285.75,32.3,156.2,14.1,17.6
2026-09-02T13:16:40.337772,1296.75,32.3,156.2,13.7,17.6
2026-09-02T13:16:40.537886,1275.0,31.7,156.2,12.2,17.3
2026-09-02T13:16:40.738003,1282.0,31.7,156.2,11.4,17.3
2026-09-02T13:16:40.938118,1275.0,31.7,156.2,11.8,16.9
2026-09-02T13:16:41.138226,1268.75,31.7,156.2,11.0,16.9
2026-09-02T13:16:41.338333,1261.5,31.7,156.2,10.2,16.9
2026-09-02T13:16:41.538499,1259.25,31.7,156.2,10.2,16.9
2026-09-02T13:16:41.738598,1257.75,31.1,156.2,10.6,17.3
2026-09-02T13:16:41.938701,1250.75,31.1,156.2,10.6,17.3
2026-09-02T13:16:42.138802,1240.5,31.1,156.2,10.6,16.9
2026-09-02T13:16:42.338896,1245.25,31.1,156.2,12.2,18.4
2026-09-02T13:16:42.538989,1232.75,31.1,156.2,14.9,18.0
2026-09-02T13:16:42.739092,1235.75,30.4,156.2,16.9,18.8
2026-09-02T13:16:42.939194,1227.25,30.4,156.2,17.6,18.4
2026-09-02T13:16:43.139292,1226.5,30.4,156.2,17.6,18.8
2026-09-02T13:16:43.339387,1228.75,30.4,156.2,19.2,18.8
2026-09-02T13:16:43.539481,1221.0,30.4,156.2,18.0,16.9
2026-09-02T13:16:43.739592,1222.5,30.4,156.2,15.7,18.0
2026-09-02T13:16:43.939705,1220.25,30.4,158.0,16.1,18.0
2026-09-02T13:16:44.139796,1218.75,30.4,158.0,15.3,18.0
2026-09-02T13:16:44.339892,1217.75,30.4,158.0,16.1,18.0
2026-09-02T13:16:44.539997,1210.0,29.8,158.0,16.1,18.0
2026-09-02T13:16:44.740104,1206.25,29.8,158.0,16.9,18.4
2026-09-02T13:16:44.940235,1199.0,29.8,158.0,18.0,18.4
2026-09-02T13:16:45.140338,1196.0,29.8,158.0,18.0,18.4
2026-09-02T13:16:45.340429,1216.25,29.8,158.0,19.6,19.2
2026-09-02T13:16:45.540525,1328.75,29.8,158.0,24.7,20.4
2026-09-02T13:16:45.740631,1486.5,29.8,158.0,19.2,18.4
2026-09-02T13:16:45.940740,1513.25,29.2,158.0,14.9,19.6
2026-09-02T13:16:46.140839,1514.0,29.2,158.0,15.7,19.6
2026-09-02T13:16:46.340934,1503.75,29.2,158.0,15.7,19.6
2026-09-02T13:16:46.541028,1500.75,29.2,158.0,16.1,19.6
2026-09-02T13:16:46.741147,1496.0,29.2,158.0,16.1,19.6
2026-09-02T13:16:46.941274,1496.75,29.2,158.0,15.7,19.6
2026-09-02T13:16:47.141396,1501.5,29.2,158.0,15.7,19.6
2026-09-02T13:16:47.341501,1499.0,29.2,158.0,16.1,19.6
2026-09-02T13:16:47.541616,1494.5,29.2,159.8,16.1,19.6
2026-09-02T13:16:47.741727,1492.75,29.2,159.8,16.1,19.6
2026-09-02T13:16:47.941847,1489.0,29.2,159.8,15.7,18.4
2026-09-02T13:16:48.141969,1491.25,29.2,159.8,14.1,19.2
2026-09-02T13:16:48.342088,1487.5,29.2,159.8,14.1,18.8
2026-09-02T13:16:48.542201,1485.0,28.6,159.8,14.1,19.2
2026-09-02T13:16:48.742316,1477.25,29.2,159.8,14.5,19.2
2026-09-02T13:16:48.942467,1469.5,28.6,159.8,14.9,20.4
2026-09-02T13:16:49.142534,1455.25,28.6,159.8,16.1,19.6
2026-09-02T13:16:49.342676,1464.0,28.6,159.8,16.5,19.6
2026-09-02T13:16:49.542780,1465.5,28.6,159.8,16.5,20.0
2026-09-02T13:16:49.742885,1460.75,28.6,159.8,16.5,19.6
2026-09-02T13:16:49.943001,1450.75,28.6,161.6,16.5,19.6
2026-09-02T13:16:50.143126,1444.5,28.0,161.6,16.5,19.6
2026-09-02T13:16:50.343237,1442.0,28.6,161.6,16.9,19.6
2026-09-02T13:16:50.543344,1443.75,28.0,161.6,17.3,19.6
2026-09-02T13:16:50.743448,1430.25,28.0,161.6,14.9,19.6
2026-09-02T13:16:50.943565,1432.0,28.0,161.6,14.5,18.8
2026-09-02T13:16:51.143669,1421.75,28.0,161.6,14.1,18.4
2026-09-02T13:16:51.343770,1421.0,28.0,161.6,13.3,18.4
2026-09-02T13:16:51.543897,1410.0,27.3,161.6,13.3,18.4
2026-09-02T13:16:51.744011,1415.5,27.3,161.6,13.3,18.0
2026-09-02T13:16:51.944123,1392.0,27.3,161.6,12.5,18.4
2026-09-02T13:16:52.144249,1410.0,27.3,161.6,12.9,18.4
2026-09-02T13:16:52.344373,1387.5,27.3,161.6,13.3,18.4
2026-09-02T13:16:52.544481,1379.5,26.7,161.6,13.7,18.4
2026-09-02T13:16:52.744588,1378.75,26.7,161.6,13.3,18.0
2026-09-02T13:16:52.944703,1367.75,26.7,161.6,12.9,18.0
2026-09-02T13:16:53.144804,1362.5,26.7,161.6,9.8,15.7
2026-09-02T13:16:53.344908,1350.75,26.7,161.6,8.2,16.5
2026-09-02T13:16:53.545016,1339.0,26.1,161.6,8.2,16.5
2026-09-02T13:16:53.745119,1335.0,26.1,161.6,8.2,16.5
2026-09-02T13:16:53.945237,1322.5,26.1,161.6,8.2,16.5
2026-09-02T13:16:54.145344,1310.75,25.5,161.6,8.2,16.9
2026-09-02T13:16:54.345446,1300.75,25.5,161.6,8.2,16.5
2026-09-02T13:16:54.545564,1288.25,24.9,,9.0,16.9
2026-09-02T13:16:54.883043,1268.75,24.9,163.4,9.0,16.9
2026-09-02T13:16:55.083164,1254.5,24.9,163.4,9.4,16.9
2026-09-02T13:16:55.283275,1251.5,24.2,163.4,10.2,16.9
2026-09-02T13:16:55.483395,1237.5,24.2,163.4,10.2,16.9
2026-09-02T13:16:55.683512,1221.75,24.2,163.4,10.6,16.9
2026-09-02T13:16:55.883636,1219.5,23.6,163.4,10.6,16.9
2026-09-02T13:16:56.083756,1205.25,23.6,163.4,10.6,16.9
2026-09-02T13:16:56.283882,1188.25,23.0,163.4,11.0,16.9
2026-09-02T13:16:56.483987,1164.75,23.0,163.4,11.4,16.9
2026-09-02T13:16:56.684088,1134.25,22.4,163.4,11.8,16.9
2026-09-02T13:16:56.884188,1121.75,21.1,163.4,11.8,16.5
2026-09-02T13:16:57.084298,1214.75,20.5,163.4,10.6,16.9
2026-09-02T13:16:57.284425,1204.5,19.9,163.4,10.6,16.9
2026-09-02T13:16:57.484524,1159.25,19.3,163.4,11.4,16.9
2026-09-02T13:16:57.684626,1116.25,18.6,163.4,11.8,16.9
2026-09-02T13:16:57.884733,1078.0,18.0,163.4,12.2,16.5
2026-09-02T13:16:58.084840,1050.75,17.4,163.4,12.5,16.5
2026-09-02T13:16:58.284946,1042.75,16.8,163.4,12.9,16.5
2026-09-02T13:16:58.485046,1134.25,16.2,163.4,11.8,16.5
2026-09-02T13:16:58.685160,1225.0,15.5,163.4,10.6,16.9
2026-09-02T13:16:58.885278,1156.25,14.9,163.4,11.0,16.9
2026-09-02T13:16:59.085381,1110.75,14.3,163.4,11.4,16.9
2026-09-02T13:16:59.285483,1082.0,13.7,163.4,12.2,16.5
2026-09-02T13:16:59.485585,1035.75,13.0,163.4,12.9,16.5
2026-09-02T13:16:59.685680,978.0,12.4,163.4,13.3,16.5
2026-09-02T13:16:59.885818,921.75,11.8,163.4,14.9,16.1
2026-09-02T13:17:00.085945,880.25,11.2,163.4,17.6,16.5
2026-09-02T13:17:00.286031,833.5,9.9,163.4,20.8,16.5
2026-09-02T13:17:00.486135,806.25,9.3,163.4,23.1,16.5
2026-09-02T13:17:00.686239,814.0,8.7,163.4,22.7,16.5
2026-09-02T13:17:00.886361,780.25,8.1,163.4,23.5,16.9
2026-09-02T13:17:01.086481,743.75,6.8,165.2,25.1,16.5
2026-09-02T13:17:01.286583,724.0,6.2,165.2,26.3,16.5
2026-09-02T13:17:01.486692,707.75,5.6,165.2,27.1,16.5
2026-09-02T13:17:01.686800,702.25,5.0,165.2,27.8,16.5
2026-09-02T13:17:01.886916,715.5,4.3,165.2,28.2,16.5
2026-09-02T13:17:02.087025,710.75,3.7,165.2,28.6,16.5
2026-09-02T13:17:02.287132,708.5,3.1,165.2,28.6,16.5
2026-09-02T13:17:02.487248,707.0,3.1,165.2,28.6,16.5
2026-09-02T13:17:02.687352,707.0,2.5,165.2,28.6,16.5
2026-09-02T13:17:02.887473,700.75,1.9,165.2,28.6,16.5
2026-09-02T13:17:03.087575,699.0,1.9,165.2,29.0,16.5
2026-09-02T13:17:03.287701,702.25,1.2,165.2,29.0,16.5
2026-09-02T13:17:03.487802,695.25,1.2,165.2,29.0,16.5
2026-09-02T13:17:03.687912,693.75,1.2,165.2,29.0,16.5
2026-09-02T13:17:03.888022,694.5,1.2,165.2,29.0,16.5
2026-09-02T13:17:04.088138,698.25,1.2,165.2,29.0,16.5
2026-09-02T13:17:04.288283,695.25,1.2,165.2,29.0,16.5
2026-09-02T13:17:04.488386,743.75,1.2,165.2,71.8,22.0
2026-09-02T13:17:04.688492,1246.0,1.2,165.2,42.4,20.4
2026-09-02T13:17:04.888613,1374.0,1.9,165.2,31.4,23.5
2026-09-02T13:17:05.088737,1435.0,1.9,165.2,28.2,22.7
2026-09-02T13:17:05.288841,1464.75,2.5,167.0,27.5,23.1
2026-09-02T13:17:05.488953,1470.25,3.1,167.0,26.7,22.7
2026-09-02T13:17:05.689062,1482.0,3.1,167.0,27.5,23.1
2026-09-02T13:17:05.889188,1414.75,3.7,167.0,29.0,24.3
2026-09-02T13:17:06.089298,1449.0,3.7,167.0,32.9,24.3
2026-09-02T13:17:06.289409,1482.0,4.3,167.0,30.2,23.5
2026-09-02T13:17:06.489537,1457.75,4.3,167.0,29.4,23.5
2026-09-02T13:17:06.689642,1443.75,5.0,168.8,29.8,23.5
2026-09-02T13:17:06.889758,1432.0,5.0,168.8,30.2,23.5
2026-09-02T13:17:07.089867,1419.5,5.0,168.8,30.6,23.5
2026-09-02T13:17:07.289973,1412.5,5.6,168.8,30.6,23.5
2026-09-02T13:17:07.490099,1409.25,5.6,168.8,31.0,23.1
2026-09-02T13:17:07.690213,1406.25,5.6,168.8,30.6,23.1
2026-09-02T13:17:07.890336,1393.75,5.6,170.6,30.6,23.1
2026-09-02T13:17:08.090497,1395.25,6.2,170.6,30.6,22.7
2026-09-02T13:17:08.290608,1384.25,6.2,170.6,29.8,22.7
2026-09-02T13:17:08.490713,1367.75,6.2,170.6,31.8,23.1
2026-09-02T13:17:08.690815,1393.75,6.2,170.6,33.3,23.9
2026-09-02T13:17:08.890976,1444.5,6.8,168.8,31.0,23.1
2026-09-02T13:17:09.091060,1416.25,6.8,168.8,29.4,22.7
2026-09-02T13:17:09.291168,1388.25,7.5,168.8,29.4,22.4
2026-09-02T13:17:09.491282,1353.0,7.5,168.8,29.4,22.4
2026-09-02T13:17:09.691409,1356.25,7.5,168.8,30.2,22.7
2026-09-02T13:17:09.891521,1382.0,8.1,168.8,31.0,23.1
2026-09-02T13:17:10.091627,1410.75,8.1,168.8,30.2,23.1
2026-09-02T13:17:10.291729,1431.25,8.7,168.8,29.4,23.1
2026-09-02T13:17:10.491835,1450.75,8.7,167.0,30.2,23.9
2026-09-02T13:17:10.691943,1517.75,9.3,167.0,30.2,24.3
2026-09-02T13:17:10.892056,1560.75,9.3,167.0,27.8,24.3
2026-09-02T13:17:11.092161,1575.0,9.9,167.0,28.2,25.1
2026-09-02T13:17:11.292276,1636.5,10.6,167.0,27.5,25.1
2026-09-02T13:17:11.492375,1677.25,11.2,167.0,26.7,25.9
2026-09-02T13:17:11.692479,1721.75,11.8,167.0,28.2,29.0
2026-09-02T13:17:11.892596,1864.0,11.8,167.0,32.9,29.0
2026-09-02T13:17:12.092713,1894.5,12.4,167.0,32.5,29.4
2026-09-02T13:17:12.292808,1883.5,13.0,167.0,31.4,28.2
2026-09-02T13:17:12.492920,1928.0,13.7,167.0,32.9,29.0
2026-09-02T13:17:12.693029,1961.5,14.3,167.0,32.9,29.4
2026-09-02T13:17:12.893146,1992.75,14.9,167.0,33.3,29.8
2026-09-02T13:17:13.093257,1985.75,15.5,167.0,33.3,29.4
2026-09-02T13:17:13.293359,1964.0,16.2,167.0,32.9,29.0
2026-09-02T13:17:13.493477,1986.5,16.8,167.0,32.5,28.6
2026-09-02T13:17:13.693580,1983.5,17.4,167.0,29.8,27.1
2026-09-02T13:17:13.893702,2016.25,18.0,167.0,27.8,25.9
2026-09-02T13:17:14.093810,2044.5,18.0,168.8,23.5,25.1
2026-09-02T13:17:14.293918,2060.75,18.6,168.8,22.7,25.1
2026-09-02T13:17:14.494026,1835.75,18.6,168.8,23.1,24.3
2026-09-02T13:17:14.694142,1541.25,18.6,168.8,25.5,24.3
2026-09-02T13:17:14.894252,1527.25,19.3,168.8,30.6,24.7
2026-09-02T13:17:15.094366,1548.25,19.9,168.8,30.2,24.3
2026-09-02T13:17:15.294508,1572.5,19.9,168.8,27.8,23.5
2026-09-02T13:17:15.494636,1585.75,19.9,168.8,24.3,22.7
2026-09-02T13:17:15.694743,1600.75,20.5,168.8,22.0,22.4
2026-09-02T13:17:15.894874,1615.5,20.5,170.6,20.4,22.0
2026-09-02T13:17:16.094979,1630.25,20.5,170.6,18.8,21.2
2026-09-02T13:17:16.295102,1650.75,21.1,170.6,17.6,21.2
2026-09-02T13:17:16.495213,1651.5,21.1,170.6,16.5,21.2
2026-09-02T13:17:16.695323,1667.75,21.1,170.6,15.3,20.0
2026-09-02T13:17:16.895436,1672.5,21.1,170.6,12.2,16.9
2026-09-02T13:17:17.095545,1659.25,21.1,170.6,7.8,16.9
2026-09-02T13:17:17.295652,1672.5,21.1,170.6,6.7,17.3
2026-09-02T13:17:17.495753,1650.0,21.1,170.6,6.3,17.3
2026-09-02T13:17:17.695870,1647.5,21.1,170.6,6.3,17.3
2026-09-02T13:17:17.895999,1600.75,21.1,170.6,6.7,17.3
2026-09-02T13:17:18.096102,1501.5,20.5,170.6,7.5,16.9
2026-09-02T13:17:18.296206,1388.25,20.5,170.6,8.2,16.9
2026-09-02T13:17:18.496318,1307.0,20.5,172.4,8.2,16.5
2026-09-02T13:17:18.696442,,19.9,172.4,9.0,16.9
2026-09-02T13:17:19.030741,1213.25,19.9,172.4,9.8,16.9
2026-09-02T13:17:19.230854,1194.5,19.9,172.4,10.6,16.9
2026-09-02T13:17:19.430963,1171.0,19.3,172.4,11.0,16.9
2026-09-02T13:17:19.631072,1147.5,18.6,172.4,11.8,16.9
2026-09-02T13:17:19.831191,1165.5,18.6,172.4,11.8,16.9
2026-09-02T13:17:20.031305,1284.25,18.0,172.4,10.6,17.3
2026-09-02T13:17:20.231410,1378.0,17.4,172.4,9.8,17.3
2026-09-02T13:17:20.431521,1319.5,16.8,172.4,10.6,17.3
2026-09-02T13:17:20.631632,1289.75,16.2,172.4,10.6,17.3
2026-09-02T13:17:20.831755,1264.75,16.2,172.4,11.0,17.3
2026-09-02T13:17:21.031876,1228.0,15.5,172.4,11.0,16.9
2026-09-02T13:17:21.231994,1189.0,14.9,172.4,11.4,16.9
2026-09-02T13:17:21.432091,1160.0,14.9,172.4,11.4,16.9
2026-09-02T13:17:21.632220,1129.5,14.3,172.4,11.8,16.9
2026-09-02T13:17:21.832331,1094.5,13.7,172.4,12.5,16.5
2026-09-02T13:17:22.032446,1055.25,13.7,172.4,12.9,16.5
2026-09-02T13:17:22.232547,1007.0,12.4,172.4,13.7,16.5
2026-09-02T13:17:22.432660,962.5,12.4,172.4,14.9,16.5
2026-09-02T13:17:22.632770,921.0,11.8,170.6,15.7,16.5
2026-09-02T13:17:22.832883,895.25,11.2,170.6,16.9,16.5
2026-09-02T13:17:23.033016,878.75,10.6,170.6,18.0,16.5
2026-09-02T13:17:23.233117,903.75,9.9,170.6,28.2,16.5
2026-09-02T13:17:23.433223,902.25,9.9,170.6,24.7,17.6
2026-09-02T13:17:23.633329,857.0,9.3,170.6,27.1,17.3
2026-09-02T13:17:23.833438,829.5,8.7,170.6,29.4,17.3
2026-09-02T13:17:24.033547,809.25,8.7,170.6,31.4,17.3
2026-09-02T13:17:24.233668,788.25,8.1,170.6,32.9,17.6
2026-09-02T13:17:24.433770,769.5,7.5,170.6,34.1,17.6
2026-09-02T13:17:24.633878,756.25,6.8,170.6,36.1,17.6
2026-09-02T13:17:24.833995,754.5,6.2,170.6,36.9,17.6
2026-09-02T13:17:25.034106,751.5,6.2,170.6,37.3,17.6
2026-09-02T13:17:25.234219,758.5,5.6,170.6,37.6,17.6
2026-09-02T13:17:25.434325,770.25,5.0,170.6,37.6,17.6
2026-09-02T13:17:25.634466,759.25,4.3,170.6,38.0,17.6
2026-09-02T13:17:25.834583,746.75,4.3,170.6,38.4,17.6
2026-09-02T13:17:26.034696,748.25,3.7,170.6,39.2,17.6
2026-09-02T13:17:26.234794,749.0,3.7,170.6,40.0,17.6
2026-09-02T13:17:26.434905,749.0,3.1,170.6,40.0,17.6
2026-09-02T13:17:26.635033,744.5,2.5,170.6,40.0,17.6
2026-09-02T13:17:26.835164,745.25,1.9,170.6,40.4,17.6
2026-09-02T13:17:27.035277,746.75,1.2,170.6,40.4,17.6
2026-09-02T13:17:27.235395,746.75,1.2,170.6,40.4,17.6
2026-09-02T13:17:27.435504,747.5,0.6,170.6,40.0,17.6
2026-09-02T13:17:27.635623,747.5,0.0,170.6,40.0,17.6
2026-09-02T13:17:27.835730,746.75,0.0,170.6,40.4,17.6
2026-09-02T13:17:28.035842,747.5,0.0,172.4,40.0,17.6
2026-09-02T13:17:28.235937,745.25,0.0,172.4,40.0,17.6
2026-09-02T13:17:28.436040,745.25,0.0,172.4,39.6,17.6
2026-09-02T13:17:28.636139,754.5,0.0,172.4,39.6,17.6
2026-09-02T13:17:28.836249,785.75,0.0,172.4,38.8,17.6
2026-09-02T13:17:29.036371,818.75,0.0,172.4,37.3,17.6
2026-09-02T13:17:29.236486,828.75,0.0,172.4,35.7,17.6
2026-09-02T13:17:29.436599,868.75,0.0,172.4,33.3,18.0
2026-09-02T13:17:29.637063,872.5,0.0,172.4,32.9,17.6
2026-09-02T13:17:29.837181,874.0,0.0,172.4,31.8,17.6
2026-09-02T13:17:30.037290,863.25,0.0,172.4,30.6,17.3
2026-09-02T13:17:30.237395,825.75,0.0,172.4,30.2,16.9
2026-09-02T13:17:30.437514,858.5,0.0,172.4,25.5,15.3
2026-09-02T13:17:30.637675,678.75,0.0,172.4,20.4,15.3
2026-09-02T13:17:30.837789,491.25,0.0,172.4,18.8,15.3
2026-09-02T13:17:31.037908,376.5,0.0,174.2,20.4,15.3
2026-09-02T13:17:31.238017,274.0,0.0,174.2,25.1,15.3
2026-09-02T13:17:31.438122,164.75,0.0,174.2,100.0,15.3
2026-09-02T13:17:31.638237,164.75,0.0,174.2,100.0,15.3
2026-09-02T13:17:31.838352,164.75,0.0,174.2,100.0,15.3
2026-09-02T13:17:32.038520,0.0,0.0,174.2,0.0,20.4
2026-09-02T13:17:32.238630,0.0,,,,
2026-09-02T13:17:33.450799,,,,,
2026-09-02T13:17:34.954920,,,,,
2026-09-02T13:17:36.458811,,,,,
2026-09-02T13:17:37.962764,,,,,
2026-09-02T13:17:39.466817,,,,,
2026-09-02T13:17:40.970813,,,,,
