timestamp,quat_i,quat_j,quat_k,quat_real,accel_x,accel_y,accel_z,gyro_x,gyro_y,gyro_z
2026-09-04T06:32:22.370453,0.4859619140625,0.45721435546875,0.55230712890625,0.49102783203125,-0.078125,0.10546875,0.125,-0.005859375,-0.28515625,-0.0234375
2026-09-04T06:32:22.527805,0.4979248046875,0.44696044921875,0.54888916015625,0.5009765625,0.12890625,-0.58984375,-0.06640625,0.009765625,-0.302734375,0.017578125
2026-09-04T06:32:22.556358,0.501953125,0.44329833984375,0.545166015625,0.50433349609375,0.37109375,-0.70703125,0.171875,0.009765625,-0.302734375,0.017578125
2026-09-04T06:32:22.687070,0.5142822265625,0.43304443359375,0.53204345703125,0.51470947265625,0.25,-0.734375,0.23046875,0.02734375,-0.30859375,-0.046875
2026-09-04T06:32:22.784940,0.52142333984375,0.42645263671875,0.52301025390625,0.522216796875,0.43359375,0.0546875,-0.08203125,0.005859375,-0.30078125,-0.05859375
2026-09-04T06:32:22.880793,0.52777099609375,0.41937255859375,0.51409912109375,0.53033447265625,0.36328125,0.4921875,-0.2109375,-0.00390625,-0.310546875,-0.052734375
2026-09-04T06:32:22.981866,0.53399658203125,0.4112548828125,0.50506591796875,0.53912353515625,0.25,0.69140625,-0.15625,-0.05078125,-0.326171875,-0.05078125
2026-09-04T06:32:23.081875,0.5391845703125,0.40057373046875,0.497802734375,0.54864501953125,0.12109375,0.23828125,-0.1875,-0.103515625,-0.322265625,-0.025390625
2026-09-04T06:32:23.183412,0.54412841796875,0.390380859375,0.49053955078125,0.55755615234375,0.1796875,-0.7109375,0.67578125,-0.064453125,-0.3046875,-0.013671875
2026-09-04T06:32:23.283504,0.5496826171875,0.38067626953125,0.48345947265625,0.56494140625,-0.1640625,-0.0625,0.65234375,-0.048828125,-0.298828125,0.01171875
2026-09-04T06:32:23.382378,0.55609130859375,0.3712158203125,0.475341796875,0.5718994140625,-0.00390625,0.33984375,0.79296875,-0.015625,-0.3203125,-0.046875
2026-09-04T06:32:23.483906,0.56268310546875,0.3614501953125,0.46624755859375,0.5791015625,-0.02734375,0.4140625,0.1484375,-0.037109375,-0.326171875,-0.0390625
2026-09-04T06:32:23.607548,0.5687255859375,0.3511962890625,0.45849609375,0.58563232421875,0.03125,-0.19140625,-0.05859375,-0.033203125,-0.294921875,-0.005859375
2026-09-04T06:32:23.683341,0.57421875,0.34149169921875,0.451904296875,0.59112548828125,0.23828125,0.1171875,-0.17578125,-0.033203125,-0.26953125,0.013671875
2026-09-04T06:32:23.782559,0.5791015625,0.33349609375,0.444580078125,0.59649658203125,0.015625,-0.265625,-0.17578125,-0.02734375,-0.263671875,0.015625
2026-09-04T06:32:23.887696,0.58349609375,0.3265380859375,0.43695068359375,0.6016845703125,-0.09765625,-0.14453125,-0.6953125,-0.0234375,-0.24609375,-0.037109375
2026-09-04T06:32:23.983924,0.58758544921875,0.320556640625,0.42999267578125,0.60589599609375,0.25390625,0.30859375,-0.55078125,-0.0078125,-0.220703125,-0.021484375
2026-09-04T06:32:24.083246,0.59100341796875,0.31622314453125,0.423095703125,0.60968017578125,0.4140625,-0.22265625,-0.51953125,0.0078125,-0.19140625,-0.033203125
2026-09-04T06:32:24.183341,0.59326171875,0.311767578125,0.41693115234375,0.61395263671875,0.21484375,-0.23046875,-0.37890625,-0.017578125,-0.177734375,-0.044921875
2026-09-04T06:32:24.287467,0.59503173828125,0.30755615234375,0.4110107421875,0.618408203125,0.23828125,-0.06640625,-0.2578125,-0.025390625,-0.166015625,-0.060546875
2026-09-04T06:32:24.394575,0.60357666015625,0.3028564453125,0.4051513671875,0.6163330078125,-0.0859375,-0.10546875,0.48828125,-0.029296875,-0.15625,-0.060546875
2026-09-04T06:32:24.486790,0.60540771484375,0.29925537109375,0.3990478515625,0.62017822265625,-0.1484375,0.19921875,0.5234375,-0.01953125,-0.16015625,-0.052734375
2026-09-04T06:32:24.583653,0.6077880859375,0.2952880859375,0.39349365234375,0.62335205078125,-0.328125,0.0390625,0.625,-0.015625,-0.15234375,-0.048828125
2026-09-04T06:32:24.682008,0.6104736328125,0.29180908203125,0.387939453125,0.6258544921875,0.078125,-0.34375,0.69921875,-0.001953125,-0.150390625,-0.013671875
2026-09-04T06:32:24.793198,0.6087646484375,0.28607177734375,0.38519287109375,0.6318359375,0.1640625,0.1953125,-0.46484375,0.01953125,-0.14453125,-0.02734375
2026-09-04T06:32:24.890233,0.61016845703125,0.2821044921875,0.380859375,0.63494873046875,-0.02734375,-0.3046875,-0.3125,0.017578125,-0.130859375,-0.029296875
2026-09-04T06:32:24.979010,0.611328125,0.28076171875,0.37835693359375,0.63580322265625,0.43359375,0.2109375,-0.8359375,0.015625,-0.09765625,-0.03125
2026-09-04T06:32:25.079664,0.61285400390625,0.2789306640625,0.3743896484375,0.63751220703125,0.33203125,0.125,-0.8359375,0.0,-0.080078125,-0.03125
2026-09-04T06:32:25.180297,0.61376953125,0.27764892578125,0.37158203125,0.638916015625,0.30078125,0.171875,-0.65234375,-0.005859375,-0.064453125,0.0
2026-09-04T06:32:25.279888,0.614501953125,0.27618408203125,0.368896484375,0.640380859375,0.34765625,0.27734375,-0.5078125,-0.005859375,-0.06640625,-0.021484375
2026-09-04T06:32:25.379921,0.61474609375,0.27471923828125,0.36614990234375,0.64227294921875,0.203125,0.34765625,-0.5,-0.025390625,-0.064453125,-0.03125
2026-09-04T06:32:25.479749,0.61456298828125,0.27325439453125,0.3638916015625,0.64434814453125,-0.27734375,0.5703125,-0.26171875,-0.02734375,-0.056640625,-0.00390625
2026-09-04T06:32:25.580043,0.6156005859375,0.271240234375,0.3621826171875,0.64520263671875,0.05859375,-0.04296875,0.4921875,0.0078125,-0.056640625,-0.01171875
2026-09-04T06:32:25.679546,0.617919921875,0.26953125,0.3602294921875,0.644775390625,0.42578125,0.03515625,-0.3515625,0.01953125,-0.056640625,0.009765625
2026-09-04T06:32:25.779740,0.61968994140625,0.268310546875,0.3587646484375,0.6444091796875,0.37890625,-0.2109375,-0.703125,0.0078125,-0.037109375,0.013671875
2026-09-04T06:32:25.889312,0.62115478515625,0.26763916015625,0.35797119140625,0.64373779296875,0.484375,-0.05859375,-0.75,0.013671875,-0.0234375,0.029296875
2026-09-04T06:32:25.979247,0.62139892578125,0.2672119140625,0.35736083984375,0.64404296875,0.39453125,0.40234375,-0.671875,-0.029296875,-0.009765625,-0.083984375
2026-09-04T06:32:26.088233,0.62115478515625,0.2667236328125,0.35675048828125,0.644775390625,0.41015625,-0.21875,-0.16796875,-0.017578125,-0.009765625,0.0
2026-09-04T06:32:26.179167,0.62139892578125,0.2669677734375,0.35577392578125,0.64501953125,0.2578125,0.34765625,-0.11328125,-0.01953125,-0.013671875,-0.044921875
2026-09-04T06:32:26.287382,0.62249755859375,0.2667236328125,0.354736328125,0.64459228515625,0.06640625,0.078125,0.05078125,-0.001953125,-0.017578125,-0.048828125
2026-09-04T06:32:26.379083,0.624267578125,0.2667236328125,0.353271484375,0.6436767578125,-0.05859375,0.33984375,-0.32421875,0.029296875,-0.01953125,-0.009765625
2026-09-04T06:32:26.487616,0.6263427734375,0.2662353515625,0.3524169921875,0.642333984375,0.15625,0.171875,-0.15625,0.029296875,-0.021484375,0.0390625
2026-09-04T06:32:26.586214,0.6282958984375,0.2662353515625,0.35150146484375,0.64093017578125,0.41796875,0.0546875,-0.2109375,-0.009765625,-0.0078125,-0.078125
2026-09-04T06:32:26.687764,0.62933349609375,0.2659912109375,0.350830078125,0.640380859375,0.00390625,-0.17578125,0.265625,0.0078125,-0.009765625,-0.0625
2026-09-04T06:32:26.785341,0.6302490234375,0.26580810546875,0.35052490234375,0.6397705078125,0.4453125,-0.82421875,-0.828125,-0.025390625,0.005859375,-0.021484375
2026-09-04T06:32:26.884733,0.6298828125,0.26593017578125,0.3507080078125,0.63995361328125,0.26953125,-0.296875,-0.453125,-0.013671875,-0.00390625,0.072265625
2026-09-04T06:32:26.985218,0.62994384765625,0.266357421875,0.350341796875,0.639892578125,-0.3203125,0.73828125,0.19140625,-0.052734375,0.0,-0.005859375
2026-09-04T06:32:27.073387,-1.3704833984375,0.2657470703125,0.35064697265625,0.64044189453125,0.30859375,0.15625,0.2265625,-0.013671875,-0.009765625,0.08203125
2026-09-04T06:32:27.175925,0.6302490234375,0.264892578125,0.35107421875,0.63983154296875,0.41015625,-0.234375,-0.453125,-0.013671875,0.001953125,-0.0546875
2026-09-04T06:32:27.286695,0.630859375,0.263916015625,0.3514404296875,0.63946533203125,-0.38671875,0.5234375,-0.23046875,-0.029296875,0.0,-0.021484375
2026-09-04T06:32:27.388106,0.630859375,0.26287841796875,0.35205078125,0.6395263671875,-0.796875,0.67578125,0.296875,0.0,-0.013671875,0.076171875
2026-09-04T06:32:27.507815,0.6312255859375,0.26226806640625,0.35223388671875,0.6392822265625,-0.08984375,-1.09375,-0.76171875,-0.033203125,-0.0078125,0.044921875
2026-09-04T06:32:27.592805,0.63031005859375,0.26123046875,0.3531494140625,0.64013671875,-0.7578125,0.546875,0.08203125,-0.017578125,-0.001953125,-0.013671875
2026-09-04T06:32:27.692070,0.631103515625,0.260498046875,0.35357666015625,0.639404296875,-1.26171875,0.33984375,-0.0859375,0.017578125,-0.00390625,0.013671875
2026-09-04T06:32:27.793173,0.63262939453125,0.26068115234375,0.35321044921875,0.63800048828125,-1.109375,1.06640625,-1.04296875,0.005859375,-0.005859375,0.044921875
2026-09-04T06:32:27.893860,0.63372802734375,0.26025390625,0.3531494140625,0.63714599609375,-1.21484375,1.2890625,0.22265625,-0.00390625,-0.02734375,0.138671875
2026-09-04T06:32:27.993530,0.6341552734375,0.26025390625,0.35235595703125,0.63714599609375,-0.609375,0.5078125,-0.99609375,-0.0625,0.005859375,0.044921875
2026-09-04T06:32:28.091995,0.63250732421875,0.25909423828125,0.3533935546875,0.638671875,-0.87890625,-0.0859375,-0.109375,-0.087890625,0.0,0.056640625
2026-09-04T06:32:28.201011,0.63018798828125,0.25726318359375,0.35528564453125,0.64068603515625,-0.76171875,-0.8203125,0.578125,-0.021484375,-0.015625,0.087890625
2026-09-04T06:32:28.299423,0.6295166015625,0.25604248046875,0.3551025390625,0.6419677734375,-0.1796875,-0.859375,0.37890625,-0.01953125,-0.03125,-0.0546875
2026-09-04T06:32:28.401905,0.6290283203125,0.25701904296875,0.35186767578125,0.643798828125,-1.22265625,-0.59765625,0.36328125,0.00390625,-0.044921875,-0.041015625
2026-09-04T06:32:28.502142,0.6295166015625,0.25811767578125,0.3480224609375,0.64495849609375,-0.78125,-0.328125,0.67578125,0.02734375,-0.02734375,-0.05859375
2026-09-04T06:32:28.591657,0.6302490234375,0.259521484375,0.34515380859375,0.645263671875,-1.5078125,0.0546875,0.2890625,0.025390625,-0.013671875,-0.03515625
2026-09-04T06:32:28.691590,0.630859375,0.25994873046875,0.34429931640625,0.6448974609375,-1.1484375,0.28515625,0.00390625,0.05859375,-0.01953125,0.0234375
2026-09-04T06:32:28.791541,0.63287353515625,0.26104736328125,0.34259033203125,0.64337158203125,-1.125,0.12109375,-0.171875,0.04296875,-0.009765625,-0.0078125
2026-09-04T06:32:28.899684,0.6346435546875,0.26226806640625,0.3406982421875,0.64215087890625,-0.86328125,0.62890625,-0.5546875,0.009765625,-0.0078125,0.009765625
2026-09-04T06:32:28.999448,0.63568115234375,0.26263427734375,0.33966064453125,0.64154052734375,-0.91015625,0.4765625,-0.34765625,0.01171875,-0.005859375,0.021484375
2026-09-04T06:32:29.090740,0.63653564453125,0.26287841796875,0.33892822265625,0.6409912109375,-0.85546875,0.23828125,0.05859375,0.0234375,-0.015625,0.05859375
2026-09-04T06:32:29.199181,0.63714599609375,0.263427734375,0.33819580078125,0.6405029296875,-1.0625,0.16015625,-0.0546875,0.07421875,-0.005859375,-0.05078125
2026-09-04T06:32:29.298127,0.64044189453125,0.265625,0.335693359375,0.63763427734375,-1.16796875,-0.078125,0.015625,0.05859375,-0.0078125,0.02734375
2026-09-04T06:32:29.412551,0.6424560546875,0.2679443359375,0.333251953125,0.6358642578125,-0.63671875,0.66015625,-0.37890625,-0.029296875,-0.0078125,0.15234375
2026-09-04T06:32:29.529072,0.64202880859375,0.26806640625,0.3333740234375,0.63623046875,-0.921875,-0.19921875,0.0625,-0.015625,-0.001953125,0.09765625
2026-09-04T06:32:29.598206,0.642333984375,0.2679443359375,0.333740234375,0.63580322265625,-0.4296875,-0.4765625,-0.609375,-0.013671875,0.0078125,0.091796875
2026-09-04T06:32:29.711342,0.64312744140625,0.26702880859375,0.33526611328125,0.63458251953125,-0.75390625,0.89453125,-0.37890625,0.005859375,-0.005859375,0.1328125
2026-09-04T06:32:29.815672,0.644287109375,0.26666259765625,0.33544921875,0.63348388671875,-0.73046875,0.62109375,-0.73046875,0.041015625,-0.0234375,0.15625
2026-09-04T06:32:29.914366,0.64349365234375,0.265869140625,0.33612060546875,0.63421630859375,-1.20703125,1.8984375,-0.87890625,-0.041015625,0.00390625,0.015625
2026-09-04T06:32:30.015307,0.64276123046875,0.2664794921875,0.3359375,0.63482666015625,-1.45703125,0.20703125,-0.171875,-0.0078125,0.021484375,-0.029296875
2026-09-04T06:32:30.108959,0.64337158203125,0.26849365234375,0.33465576171875,0.634033203125,-0.98046875,0.11328125,0.125,0.041015625,0.00390625,0.015625
2026-09-04T06:32:30.196186,0.64373779296875,0.2694091796875,0.33416748046875,0.633544921875,-1.203125,0.48828125,-0.2265625,0.001953125,-0.00390625,0.021484375
2026-09-04T06:32:30.317920,0.64306640625,0.26971435546875,0.33392333984375,0.63421630859375,-0.54296875,1.5546875,-0.984375,-0.068359375,0.00390625,0.083984375
2026-09-04T06:32:30.408413,0.64178466796875,0.26800537109375,0.33587646484375,0.63525390625,-0.859375,-0.15625,-0.30078125,-0.046875,0.015625,0.015625
2026-09-04T06:32:30.515328,0.6412353515625,0.2674560546875,0.337158203125,0.63531494140625,-0.484375,-0.5546875,0.02734375,-0.0078125,0.017578125,0.009765625
2026-09-04T06:32:30.614626,0.6407470703125,0.26898193359375,0.33648681640625,0.635498046875,-0.15234375,-0.67578125,-0.515625,-0.01171875,0.01171875,-0.009765625
2026-09-04T06:32:30.715035,0.6390380859375,0.27203369140625,0.33392333984375,0.6373291015625,-0.7734375,0.3125,-0.32421875,-0.025390625,0.005859375,-0.015625
2026-09-04T06:32:30.804422,0.63836669921875,0.2730712890625,0.33319091796875,0.63787841796875,-0.7265625,0.1875,-0.296875,-0.02734375,0.015625,0.001953125
2026-09-04T06:32:30.912189,0.6365966796875,0.2750244140625,0.3326416015625,0.63916015625,-0.6171875,-0.34765625,-0.73046875,-0.021484375,0.01953125,-0.001953125
2026-09-04T06:32:31.016560,0.63580322265625,0.275634765625,0.33282470703125,0.6395263671875,-0.41015625,-0.5859375,0.0546875,-0.0234375,0.01171875,-0.015625
2026-09-04T06:32:31.116595,0.63458251953125,0.27691650390625,0.3319091796875,0.64068603515625,0.2109375,-0.77734375,-0.09765625,-0.03515625,0.001953125,-0.005859375
2026-09-04T06:32:31.244207,0.63336181640625,0.27764892578125,0.33154296875,0.6417236328125,-0.171875,0.53125,0.22265625,-0.033203125,0.0078125,-0.037109375
2026-09-04T06:32:31.308797,0.63214111328125,0.27972412109375,0.32989501953125,0.6429443359375,-0.9921875,0.80078125,-0.2421875,-0.03125,0.0,0.07421875
2026-09-04T06:32:31.413643,0.63116455078125,0.28155517578125,0.3284912109375,0.643798828125,-1.2421875,-0.04296875,0.38671875,-0.017578125,0.00390625,-0.001953125
2026-09-04T06:32:31.526812,0.63092041015625,0.282958984375,0.32733154296875,0.64398193359375,0.2421875,-0.68359375,0.1171875,0.00390625,0.00390625,0.03515625
2026-09-04T06:32:31.607166,0.63006591796875,0.285888671875,0.3248291015625,0.644775390625,-0.22265625,0.01171875,-0.11328125,0.001953125,0.009765625,-0.09765625
2026-09-04T06:32:31.724073,0.62908935546875,0.28790283203125,0.3232421875,0.6456298828125,-0.69140625,0.83203125,-0.3125,-0.015625,0.00390625,0.017578125
2026-09-04T06:32:31.813961,0.62823486328125,0.2886962890625,0.32269287109375,0.64642333984375,-0.4140625,0.52734375,-0.08203125,-0.02734375,0.0078125,0.0
2026-09-04T06:32:31.923561,0.62847900390625,0.2899169921875,0.32171630859375,0.6461181640625,-0.734375,-0.125,-0.12109375,0.01171875,-0.005859375,0.06640625
2026-09-04T06:32:32.013397,0.62890625,0.29119873046875,0.32073974609375,0.6456298828125,0.09765625,-0.27734375,-0.19921875,0.00390625,0.0,0.068359375
2026-09-04T06:32:32.122119,0.628662109375,0.29266357421875,0.319580078125,0.645751953125,-0.34375,0.265625,-0.58203125,0.001953125,0.001953125,0.0625
2026-09-04T06:32:32.212773,0.6278076171875,0.29425048828125,0.31817626953125,0.64654541015625,-0.08984375,0.03515625,-0.16796875,0.009765625,0.005859375,-0.05859375
2026-09-04T06:32:32.312023,0.627685546875,0.2950439453125,0.31756591796875,-1.3533935546875,-0.40625,-0.1953125,0.078125,0.0078125,0.005859375,-0.033203125
2026-09-04T06:32:32.411937,0.62738037109375,0.29644775390625,0.3165283203125,0.64678955078125,-0.41015625,0.16015625,-0.03515625,-0.013671875,0.0,-0.001953125
2026-09-04T06:32:32.512586,0.627685546875,0.29669189453125,0.315673828125,0.64678955078125,-0.14453125,-0.30078125,0.5546875,0.03125,-0.017578125,0.056640625
2026-09-04T06:32:32.612580,0.62835693359375,0.2982177734375,0.31329345703125,0.64654541015625,0.125,-0.53125,-0.50390625,0.001953125,-0.00390625,-0.072265625
2026-09-04T06:32:32.712500,0.6285400390625,0.29852294921875,0.3125,0.6466064453125,0.09375,-0.64453125,0.1484375,0.005859375,-0.00390625,-0.017578125
2026-09-04T06:32:32.820456,0.629638671875,0.298828125,0.31219482421875,0.6456298828125,-0.15234375,0.46484375,-0.3203125,0.02734375,-0.00390625,0.01953125
2026-09-04T06:32:32.911581,0.6298828125,0.2991943359375,0.31182861328125,0.64532470703125,-0.3828125,0.734375,-0.12890625,0.013671875,-0.0078125,0.044921875
2026-09-04T06:32:33.020580,0.6300048828125,0.29974365234375,0.311279296875,0.645263671875,0.125,-0.79296875,0.0625,-0.009765625,0.0,-0.01171875
2026-09-04T06:32:33.119094,0.62957763671875,0.300048828125,0.31097412109375,0.64569091796875,-0.41015625,0.28125,-0.08984375,0.013671875,0.005859375,0.001953125
2026-09-04T06:32:33.219516,0.62945556640625,0.30078125,0.3106689453125,0.6456298828125,0.0234375,0.203125,-0.08203125,-0.0078125,0.01171875,-0.025390625
2026-09-04T06:32:33.321381,0.6290283203125,0.30181884765625,0.31005859375,0.64581298828125,-0.12890625,0.328125,-0.21875,0.013671875,0.0,0.029296875
2026-09-04T06:32:33.785946,0.62982177734375,0.30218505859375,0.3096923828125,0.64508056640625,0.0234375,-0.515625,-0.03515625,-0.009765625,0.00390625,-0.013671875
2026-09-04T06:32:33.885548,0.62982177734375,0.30218505859375,0.3096923828125,0.64508056640625,0.0234375,-0.515625,-0.03515625,-0.009765625,0.00390625,-0.013671875
2026-09-04T06:32:33.986828,0.62982177734375,0.30218505859375,0.3096923828125,0.64508056640625,0.0234375,-0.515625,-0.03515625,-0.009765625,0.00390625,-0.013671875
2026-09-04T06:32:34.087926,0.62982177734375,0.30218505859375,0.3096923828125,0.64508056640625,0.0234375,-0.515625,-0.03515625,-0.009765625,0.00390625,-0.013671875
2026-09-04T06:32:34.187658,0.62982177734375,0.30218505859375,0.3096923828125,0.64508056640625,0.0234375,-0.515625,-0.03515625,-0.009765625,0.00390625,-0.013671875
2026-09-04T06:32:34.287917,0.62982177734375,0.30218505859375,0.3096923828125,0.64508056640625,0.0234375,-0.515625,-0.03515625,-0.009765625,0.00390625,-0.013671875
2026-09-04T06:32:34.388013,0.62982177734375,0.30218505859375,0.3096923828125,0.64508056640625,0.0234375,-0.515625,-0.03515625,-0.009765625,0.00390625,-0.013671875
2026-09-04T06:32:34.488814,0.62982177734375,0.30218505859375,0.3096923828125,0.64508056640625,0.0234375,-0.515625,-0.03515625,-0.009765625,0.00390625,-0.013671875
2026-09-04T06:32:34.587555,0.62982177734375,0.30218505859375,0.3096923828125,0.64508056640625,0.0234375,-0.515625,-0.03515625,-0.009765625,0.00390625,-0.013671875
2026-09-04T06:32:34.687861,0.62982177734375,0.30218505859375,0.3096923828125,0.64508056640625,0.0234375,-0.515625,-0.03515625,-0.009765625,0.00390625,-0.013671875
2026-09-04T06:32:34.788215,0.62982177734375,0.30218505859375,0.3096923828125,0.64508056640625,0.0234375,-0.515625,-0.03515625,-0.009765625,0.00390625,-0.013671875
2026-09-04T06:32:34.887948,0.62982177734375,0.30218505859375,0.3096923828125,0.64508056640625,0.0234375,-0.515625,-0.03515625,-0.009765625,0.00390625,-0.013671875
2026-09-04T06:32:34.987128,0.62982177734375,0.30218505859375,0.3096923828125,0.64508056640625,0.0234375,-0.515625,-0.03515625,-0.009765625,0.00390625,-0.013671875
2026-09-04T06:32:35.087139,0.62982177734375,0.30218505859375,0.3096923828125,0.64508056640625,0.0234375,-0.515625,-0.03515625,-0.009765625,0.00390625,-0.013671875
2026-09-04T06:32:35.189336,0.62982177734375,0.30218505859375,0.3096923828125,0.64508056640625,0.0234375,-0.515625,-0.03515625,-0.009765625,0.00390625,-0.013671875
2026-09-04T06:32:35.288506,0.62982177734375,0.30218505859375,0.3096923828125,0.64508056640625,0.0234375,-0.515625,-0.03515625,-0.009765625,0.00390625,-0.013671875
2026-09-04T06:32:35.388709,0.62982177734375,0.30218505859375,0.3096923828125,0.64508056640625,0.0234375,-0.515625,-0.03515625,-0.009765625,0.00390625,-0.013671875
2026-09-04T06:32:35.488811,0.62982177734375,0.30218505859375,0.3096923828125,0.64508056640625,0.0234375,-0.515625,-0.03515625,-0.009765625,0.00390625,-0.013671875
2026-09-04T06:32:35.589406,0.62982177734375,0.30218505859375,0.3096923828125,0.64508056640625,0.0234375,-0.515625,-0.03515625,-0.009765625,0.00390625,-0.013671875
2026-09-04T06:32:35.688570,0.62982177734375,0.30218505859375,0.3096923828125,0.64508056640625,0.0234375,-0.515625,-0.03515625,-0.009765625,0.00390625,-0.013671875
2026-09-04T06:32:37.723897,0.5186767578125,0.4864501953125,0.4810791015625,0.51275634765625,-0.0390625,9.28515625,0.11328125,0.025390625,0.001953125,0.0
2026-09-04T06:32:37.810291,0.51898193359375,0.4864501953125,0.48095703125,0.51251220703125,-0.11328125,9.703125,-0.19140625,0.00390625,-0.0078125,0.013671875
2026-09-04T06:32:37.909584,0.51959228515625,0.48602294921875,0.48101806640625,0.5123291015625,-0.15234375,9.44921875,-0.0390625,0.009765625,-0.005859375,0.01171875
2026-09-04T06:32:37.999622,0.52008056640625,0.4857177734375,0.48101806640625,0.5120849609375,-0.11328125,9.21484375,-0.56640625,0.001953125,-0.00390625,0.01171875
2026-09-04T06:32:38.127583,0.5206298828125,0.48626708984375,0.48052978515625,0.511474609375,0.078125,8.7109375,-0.14453125,0.0,0.0,0.009765625
2026-09-04T06:32:38.201398,0.5208740234375,0.4864501953125,0.48028564453125,0.51129150390625,0.15234375,-0.32421875,0.12890625,-0.005859375,0.0,-0.001953125
2026-09-04T06:32:38.324717,0.52093505859375,0.4869384765625,0.47967529296875,0.5113525390625,0.17578125,-0.61328125,0.2890625,0.001953125,-0.001953125,-0.009765625
2026-09-04T06:32:38.397685,0.52081298828125,0.4869384765625,0.47967529296875,0.511474609375,0.17578125,0.21484375,0.01171875,-0.005859375,-0.00390625,0.01171875
2026-09-04T06:32:38.500191,0.52069091796875,0.48687744140625,0.47967529296875,0.5115966796875,-0.015625,0.44921875,-0.1484375,-0.00390625,-0.00390625,0.0
2026-09-04T06:32:38.621809,0.520751953125,0.486083984375,0.4803466796875,0.51165771484375,0.4296875,0.0,0.1015625,-0.0078125,0.0,0.013671875
2026-09-04T06:32:38.697492,0.5208740234375,0.486083984375,0.48040771484375,0.511474609375,0.93359375,-0.30078125,0.32421875,0.0078125,0.001953125,0.005859375
2026-09-04T06:32:38.794789,0.52117919921875,0.486083984375,0.48040771484375,0.51123046875,1.4375,0.08984375,0.28515625,0.005859375,-0.001953125,0.01171875
2026-09-04T06:32:39.024078,0.52276611328125,0.48431396484375,0.48138427734375,0.51025390625,1.56640625,-0.28515625,0.01171875,-0.26953125,0.00390625,0.0
2026-09-04T06:32:39.121865,0.522216796875,0.48394775390625,0.48211669921875,0.51055908203125,1.24609375,0.22265625,0.203125,-0.0078125,-0.00390625,0.044921875
2026-09-04T06:32:39.222177,0.523193359375,0.4832763671875,0.48248291015625,0.50982666015625,1.21875,-0.19140625,0.31640625,0.013671875,-0.0078125,-0.03125
2026-09-04T06:32:39.321365,0.52392578125,0.48333740234375,0.48211669921875,0.5093994140625,1.16015625,-0.0390625,0.31640625,0.015625,-0.005859375,0.013671875
2026-09-04T06:32:39.422241,0.5247802734375,0.483154296875,0.48248291015625,0.50836181640625,1.06640625,0.07421875,0.35546875,0.02734375,0.0,0.060546875
2026-09-04T06:32:39.506998,0.52587890625,0.48291015625,0.48260498046875,0.50726318359375,1.28515625,0.16015625,0.078125,0.04296875,-0.013671875,0.076171875
2026-09-04T06:32:39.607232,0.527587890625,0.4825439453125,0.48272705078125,0.50579833984375,1.37109375,-0.17578125,-0.48828125,-0.01171875,0.001953125,0.015625
2026-09-04T06:32:39.712340,0.5272216796875,0.48187255859375,0.48358154296875,0.50592041015625,1.5078125,-0.0234375,-0.53515625,-0.021484375,0.01953125,-0.044921875
2026-09-04T06:32:39.806544,0.5263671875,0.481201171875,0.485107421875,0.50592041015625,1.23828125,-0.25390625,-0.38671875,-0.0703125,0.01171875,-0.04296875
2026-09-04T06:32:39.915496,0.523681640625,0.47955322265625,0.48712158203125,0.50848388671875,1.15234375,0.08203125,0.23046875,-0.04296875,-0.009765625,0.01171875
2026-09-04T06:32:40.011484,0.523193359375,0.47894287109375,0.4876708984375,0.50897216796875,1.19140625,0.24609375,0.26953125,-0.044921875,0.005859375,-0.294921875
2026-09-04T06:32:40.111160,0.52227783203125,0.478271484375,0.48858642578125,0.5096435546875,1.00390625,0.0546875,0.97265625,0.01953125,0.005859375,0.02734375
2026-09-04T06:32:40.211868,0.52392578125,0.4776611328125,0.4896240234375,0.50762939453125,0.8515625,0.24609375,0.4609375,0.060546875,-0.005859375,0.076171875
2026-09-04T06:32:40.310985,0.5269775390625,0.4769287109375,0.49005126953125,0.50469970703125,1.25390625,-0.13671875,-0.12109375,-0.001953125,0.009765625,-0.150390625
2026-09-04T06:32:40.411603,0.52874755859375,0.4759521484375,0.49066162109375,0.50311279296875,1.26953125,-0.98046875,-0.2578125,0.048828125,-0.005859375,-0.046875
2026-09-04T06:32:40.511678,0.5299072265625,0.47607421875,0.49053955078125,0.501953125,0.984375,-0.7109375,-0.015625,-0.015625,0.001953125,-0.03515625
2026-09-04T06:32:40.611438,0.53009033203125,0.47406005859375,0.491943359375,0.50225830078125,0.5703125,0.015625,-0.16015625,-0.029296875,-0.017578125,0.3125
2026-09-04T06:32:40.702961,0.52996826171875,0.4730224609375,0.4925537109375,0.50274658203125,0.58203125,-0.015625,0.078125,-0.04296875,-0.017578125,0.048828125
2026-09-04T06:32:40.811534,0.5308837890625,0.46942138671875,0.49542236328125,0.50238037109375,0.55859375,-0.046875,0.21484375,-0.021484375,-0.005859375,0.005859375
2026-09-04T06:32:40.907843,0.5308837890625,0.46929931640625,0.49560546875,0.50238037109375,0.4609375,0.0234375,0.91796875,0.017578125,0.001953125,-0.0703125
2026-09-04T06:32:41.019735,0.5333251953125,0.46917724609375,0.495361328125,0.5,-0.3515625,0.17578125,0.0234375,0.033203125,-0.005859375,-0.044921875
2026-09-04T06:32:41.118510,0.5347900390625,0.46868896484375,0.49566650390625,0.49871826171875,-0.34375,-0.015625,-0.3671875,0.009765625,0.001953125,-0.03125
2026-09-04T06:32:41.219327,0.53582763671875,0.4674072265625,0.49639892578125,0.49798583984375,0.3359375,-0.55078125,0.1015625,0.005859375,-0.00390625,-0.041015625
2026-09-04T06:32:41.319093,0.5357666015625,0.46624755859375,0.496826171875,0.49871826171875,0.19140625,0.40625,-0.11328125,-0.021484375,-0.015625,-0.0234375
2026-09-04T06:32:41.416209,0.5374755859375,0.46319580078125,0.49896240234375,0.49755859375,0.2109375,-0.24609375,0.40625,-0.009765625,-0.017578125,0.021484375
2026-09-04T06:32:41.520108,0.53997802734375,0.4599609375,0.5010986328125,0.4957275390625,0.2890625,-0.58984375,0.59765625,0.00390625,-0.021484375,0.033203125
2026-09-04T06:32:41.618691,0.54296875,0.457275390625,0.5020751953125,0.493896484375,0.41015625,0.0625,0.3828125,0.029296875,-0.02734375,-0.017578125
2026-09-04T06:32:41.718638,0.54510498046875,0.45556640625,0.50213623046875,0.49310302734375,0.15625,0.29296875,-0.10546875,0.015625,-0.025390625,-0.060546875
2026-09-04T06:32:41.818992,0.54718017578125,0.45306396484375,0.50335693359375,0.491943359375,0.39453125,-0.12890625,-0.4453125,0.00390625,-0.01953125,0.0
2026-09-04T06:32:41.915562,0.5474853515625,0.45074462890625,0.5047607421875,0.4921875,0.515625,-0.4375,0.0234375,-0.28515625,0.0,-0.126953125
2026-09-04T06:32:42.020162,0.548828125,0.44891357421875,0.505859375,0.49127197265625,0.29296875,-0.359375,0.17578125,0.009765625,-0.017578125,0.0390625
2026-09-04T06:32:42.119525,0.55145263671875,0.44610595703125,0.50787353515625,0.48876953125,0.4453125,-0.859375,0.23046875,0.02734375,-0.015625,0.0234375
2026-09-04T06:32:42.232383,0.5523681640625,0.44476318359375,0.508544921875,0.48834228515625,0.1640625,0.09765625,-0.26953125,0.001953125,-0.005859375,-0.08203125
2026-09-04T06:32:42.330227,0.5518798828125,0.4447021484375,0.50836181640625,0.4891357421875,0.03515625,0.484375,-0.34375,-0.01953125,-0.001953125,-0.068359375
2026-09-04T06:32:42.414535,0.551513671875,0.44342041015625,0.5091552734375,0.4898681640625,-0.2734375,0.7109375,-0.3203125,-0.017578125,-0.005859375,-0.044921875
2026-09-04T06:32:42.512485,0.55145263671875,0.4429931640625,0.50933837890625,0.49017333984375,0.234375,-0.66796875,0.24609375,-0.005859375,-0.01171875,0.01953125
2026-09-04T06:32:42.613742,-1.4482421875,0.44232177734375,0.509765625,0.489990234375,0.00390625,-0.0546875,-0.03125,0.001953125,0.0,-0.01953125
2026-09-04T06:32:42.718526,0.552001953125,0.44122314453125,0.5106201171875,0.48980712890625,0.0703125,0.10546875,0.03125,-0.029296875,-0.005859375,0.263671875
2026-09-04T06:32:42.818582,0.5531005859375,0.44000244140625,0.51104736328125,0.48919677734375,-0.06640625,-0.046875,-0.0703125,0.015625,-0.017578125,0.0234375
2026-09-04T06:32:42.919762,0.55322265625,0.439208984375,0.51123046875,0.48956298828125,-0.1640625,-0.0078125,0.06640625,-0.025390625,0.0,-0.064453125
2026-09-04T06:32:43.018364,0.55322265625,0.43792724609375,0.51214599609375,0.48974609375,-0.328125,-0.6953125,0.16796875,-0.005859375,-0.0078125,0.041015625
2026-09-04T06:32:43.114331,0.5538330078125,0.43756103515625,0.5123291015625,0.48919677734375,-0.2109375,0.26171875,-0.33203125,0.009765625,-0.005859375,0.001953125
2026-09-04T06:32:43.212311,0.553955078125,0.43804931640625,0.5120849609375,0.48883056640625,-0.76953125,0.3359375,-0.26953125,0.017578125,0.005859375,-0.05078125
2026-09-04T06:32:43.308899,0.55389404296875,0.43817138671875,0.5125732421875,0.4884033203125,-0.5625,-0.0078125,-0.61328125,0.009765625,0.0234375,0.037109375
2026-09-04T06:32:43.408639,0.553466796875,0.43878173828125,0.5133056640625,0.48748779296875,-0.125,-0.16796875,-0.3984375,0.013671875,0.017578125,0.048828125
2026-09-04T06:32:43.509460,0.5523681640625,0.43975830078125,0.51348876953125,0.4876708984375,-0.01953125,-0.27734375,0.0234375,-0.00390625,0.025390625,-0.064453125
2026-09-04T06:32:43.608260,0.5516357421875,0.4404296875,0.51397705078125,0.4874267578125,-0.484375,-0.23828125,0.03125,-0.001953125,0.01953125,0.021484375
2026-09-04T06:32:43.710083,0.55126953125,0.441162109375,0.514404296875,0.4866943359375,-0.125,0.03125,-0.421875,-0.001953125,0.021484375,0.005859375
2026-09-04T06:32:43.810996,0.5506591796875,0.44189453125,0.514892578125,0.4862060546875,-0.26171875,-0.359375,0.0078125,0.013671875,0.021484375,0.0
2026-09-04T06:32:43.910585,0.55023193359375,0.44256591796875,0.5155029296875,0.4854736328125,0.05078125,0.13671875,-0.3671875,-0.0078125,0.029296875,-0.03125
2026-09-04T06:32:44.010523,0.55767822265625,0.443115234375,0.51617431640625,0.48468017578125,-0.1875,0.0625,-0.8515625,-0.009765625,0.02734375,-0.015625
2026-09-04T06:32:44.111024,0.54925537109375,0.444091796875,0.51641845703125,0.4842529296875,-0.31640625,0.29296875,-0.4296875,-0.2578125,0.275390625,-0.025390625
2026-09-04T06:32:44.210747,0.5484619140625,0.4449462890625,0.5167236328125,0.48394775390625,-0.26171875,-0.24609375,-0.16015625,-0.00390625,0.017578125,0.0390625
2026-09-04T06:32:44.310946,0.5472412109375,0.446044921875,0.51690673828125,0.484130859375,-0.30859375,0.0625,-0.23828125,-0.015625,0.025390625,-0.0546875
2026-09-04T06:32:44.411230,0.5465087890625,0.447265625,0.51678466796875,0.48388671875,-0.55078125,0.0625,0.1171875,0.015625,0.015625,0.05078125
2026-09-04T06:32:44.512005,0.5462646484375,0.44879150390625,0.5164794921875,0.48309326171875,-0.69921875,0.29296875,-0.015625,0.017578125,0.017578125,0.013671875
2026-09-04T06:32:44.611777,0.54595947265625,0.44989013671875,0.5164794921875,0.48248291015625,-0.40625,-0.24609375,-0.734375,0.00390625,0.01953125,0.017578125
2026-09-04T06:32:44.711473,0.54534912109375,0.450439453125,0.516845703125,0.48223876953125,-0.4296875,0.29296875,-0.390625,-0.01171875,0.01953125,-0.0234375
2026-09-04T06:32:44.811745,0.5439453125,0.45062255859375,0.51763916015625,0.4827880859375,-0.52734375,0.359375,-0.3046875,-0.05859375,0.021484375,0.001953125
2026-09-04T06:32:44.910947,0.54229736328125,0.450927734375,0.5179443359375,0.48406982421875,-0.87109375,-0.30078125,0.484375,-0.01953125,0.005859375,0.0078125
2026-09-04T06:32:45.011157,0.5426025390625,0.451416015625,0.51727294921875,0.4840087890625,-0.43359375,0.046875,0.19140625,0.01171875,-0.017578125,0.099609375
2026-09-04T06:32:45.111161,0.5423583984375,0.45269775390625,0.51593017578125,0.48455810546875,-0.07421875,-0.75,0.23828125,0.015625,-0.005859375,-0.00390625
2026-09-04T06:32:45.212240,0.5419921875,0.45501708984375,0.51373291015625,0.48504638671875,-0.75390625,0.859375,-0.3125,0.025390625,0.001953125,-0.0703125
2026-09-04T06:32:45.311063,0.5419921875,0.45526123046875,0.51336669921875,0.4852294921875,-0.1171875,0.78125,-0.6640625,-0.0234375,0.0,0.03515625
2026-09-04T06:32:45.411083,0.54132080078125,0.45550537109375,0.51324462890625,0.48590087890625,-1.62109375,1.04296875,0.20703125,-0.013671875,0.015625,-0.125
2026-09-04T06:32:45.510834,0.54327392578125,0.45404052734375,0.51416015625,0.484130859375,-0.30078125,-1.1796875,0.1015625,-0.00390625,-0.00390625,0.04296875
2026-09-04T06:32:45.611099,0.54254150390625,0.4530029296875,0.51513671875,0.48480224609375,0.140625,-0.3828125,0.015625,-0.041015625,0.0,0.015625
2026-09-04T06:32:45.711570,0.540771484375,0.4544677734375,0.5137939453125,0.48687744140625,-0.39453125,-0.03125,0.58984375,0.0078125,-0.0078125,-0.041015625
2026-09-04T06:32:45.810684,0.539794921875,0.45697021484375,0.511474609375,0.488037109375,-0.66796875,1.30078125,-0.08203125,0.005859375,0.01171875,-0.111328125
2026-09-04T06:32:45.917331,0.53875732421875,0.45782470703125,0.5107421875,0.4891357421875,-0.7421875,-0.7265625,0.1015625,-0.015625,-0.00390625,-0.00390625
2026-09-04T06:32:46.016134,0.5389404296875,0.458740234375,0.50921630859375,0.4896240234375,-0.65234375,-0.23046875,0.19140625,-0.009765625,-0.0078125,0.0
2026-09-04T06:32:46.110565,0.53955078125,0.45831298828125,0.50921630859375,0.48944091796875,0.11328125,0.4609375,0.421875,-0.005859375,0.00390625,-0.037109375
2026-09-04T06:32:46.218181,0.5391845703125,0.4586181640625,0.5087890625,0.48992919921875,-0.421875,0.14453125,-0.2734375,-0.009765625,-0.001953125,-0.01171875
2026-09-04T06:32:46.317446,0.53814697265625,0.45928955078125,0.5079345703125,0.491455078125,-0.25390625,-0.19921875,0.12109375,-0.0234375,-0.009765625,0.013671875
2026-09-04T06:32:46.417367,0.53778076171875,0.4586181640625,0.5079345703125,0.49237060546875,-0.375,0.14453125,0.48828125,-0.005859375,-0.01953125,-0.052734375
2026-09-04T06:32:46.517588,0.5374755859375,0.45904541015625,0.50640869140625,0.493896484375,-0.56640625,0.3359375,0.15234375,0.009765625,-0.033203125,-0.037109375
2026-09-04T06:32:46.617138,0.537353515625,0.459716796875,-1.49578857421875,0.49566650390625,-0.45703125,0.26171875,0.22265625,0.00390625,-0.029296875,0.00390625
2026-09-04T06:32:46.718038,0.53778076171875,0.4595947265625,0.5029296875,0.49658203125,-0.5703125,0.60546875,-0.23828125,-0.013671875,-0.015625,0.001953125
2026-09-04T06:32:46.817543,0.53765869140625,0.45904541015625,0.50274658203125,0.4974365234375,-0.234375,-0.16015625,-0.015625,0.0,-0.009765625,0.064453125
2026-09-04T06:32:46.917864,0.5380859375,0.45880126953125,0.50238037109375,0.49755859375,-0.21875,0.22265625,-0.13671875,-0.005859375,-0.015625,-0.005859375
2026-09-04T06:32:47.017809,0.53778076171875,0.4588623046875,0.50152587890625,0.4986572265625,0.15625,0.3359375,-0.4140625,0.0,-0.017578125,-0.00390625
2026-09-04T06:32:47.117902,0.5369873046875,0.458984375,0.500732421875,0.50030517578125,-0.08203125,-0.24609375,0.09765625,-0.009765625,-0.009765625,0.009765625
2026-09-04T06:32:47.217976,0.5360107421875,0.45928955078125,0.49993896484375,0.50177001953125,-0.37109375,-0.27734375,0.3984375,-0.0078125,-0.0078125,0.001953125
2026-09-04T06:32:47.442160,0.53594970703125,-1.5400390625,0.49859619140625,0.50262451171875,-0.2421875,0.328125,0.15234375,0.01953125,-0.009765625,-0.033203125
2026-09-04T06:32:47.535196,0.53668212890625,0.4600830078125,0.49749755859375,0.5028076171875,-0.27734375,0.13671875,-0.18359375,0.001953125,-0.017578125,0.056640625
2026-09-04T06:32:47.641614,0.53662109375,0.46002197265625,0.49713134765625,0.5032958984375,-0.078125,-0.32421875,0.08203125,-0.017578125,-0.0078125,0.04296875
2026-09-04T06:32:47.734805,0.53570556640625,0.4600830078125,0.496826171875,0.50445556640625,-0.26171875,0.4453125,0.06640625,0.001953125,-0.005859375,-0.013671875
2026-09-04T06:32:47.841223,0.53570556640625,0.46044921875,0.4962158203125,0.5047607421875,-0.2265625,-0.25390625,0.55859375,-0.01171875,-0.005859375,0.25390625
2026-09-04T06:32:47.940355,0.53497314453125,0.46014404296875,0.49627685546875,0.5057373046875,-0.171875,0.3203125,-0.4140625,-0.05078125,-0.001953125,-0.033203125
2026-09-04T06:32:48.040553,0.5340576171875,0.45849609375,0.4974365234375,0.50701904296875,0.00390625,0.12109375,-0.1484375,-0.03125,-0.01171875,0.044921875
2026-09-04T06:32:48.140219,0.5338134765625,0.45733642578125,0.4981689453125,0.5076904296875,-0.125,-0.23046875,0.10546875,-0.009765625,-0.00390625,0.03515625
2026-09-04T06:32:48.234426,0.54083251953125,0.45733642578125,0.4981689453125,0.50848388671875,-0.1953125,-0.69921875,-0.1015625,0.0078125,-0.005859375,-0.017578125
2026-09-04T06:32:48.341900,0.53167724609375,0.45843505859375,0.4967041015625,0.51031494140625,-0.24609375,-0.23046875,-0.53125,-0.001953125,-0.005859375,-0.048828125
2026-09-04T06:32:48.660093,0.5294189453125,0.458251953125,0.49700927734375,0.51251220703125,0.0,-0.9296875,-0.6171875,-0.013671875,0.00390625,0.05859375
2026-09-04T06:32:48.745009,0.5279541015625,0.45947265625,0.4970703125,0.51287841796875,-0.20703125,-0.5,0.03515625,0.041015625,0.013671875,0.01171875
2026-09-04T06:32:48.846989,0.527099609375,0.46112060546875,0.49676513671875,0.5125732421875,-0.30859375,1.00390625,-0.96875,0.015625,0.0234375,-0.0234375
2026-09-04T06:32:48.947679,0.5257568359375,0.4617919921875,0.49798583984375,0.51220703125,-0.375,0.95703125,-1.4375,-0.037109375,0.03515625,0.005859375
2026-09-04T06:32:49.046823,0.524658203125,0.4617919921875,0.50042724609375,0.510986328125,0.3671875,-0.19140625,-0.82421875,-0.02734375,0.041015625,0.080078125
2026-09-04T06:32:49.143875,0.52386474609375,0.462158203125,0.50146484375,0.5103759765625,0.2890625,-0.34765625,-0.86328125,-0.021484375,0.060546875,-0.00390625
2026-09-04T06:32:49.243786,0.52105712890625,0.46368408203125,0.50299072265625,0.51043701171875,0.16015625,-0.078125,-1.0703125,-0.041015625,0.0625,-0.064453125
2026-09-04T06:32:49.344466,0.51776123046875,0.46551513671875,0.50360107421875,0.51153564453125,-0.13671875,0.3125,-0.48046875,-0.033203125,0.044921875,-0.048828125
2026-09-04T06:32:49.443294,0.5155029296875,0.46697998046875,0.5045166015625,0.51153564453125,-0.390625,-0.03125,-0.2109375,-0.021484375,0.05078125,-0.03125
2026-09-04T06:32:49.545272,0.51409912109375,0.46795654296875,0.50592041015625,0.5106201171875,-0.359375,-0.26171875,-0.47265625,-0.017578125,0.048828125,0.00390625
2026-09-04T06:32:49.645492,-1.48675537109375,0.4691162109375,0.5072021484375,0.5013427734375,-0.0078125,-0.03125,-0.42578125,0.001953125,0.048828125,0.01953125
2026-09-04T06:32:49.745418,0.5118408203125,0.47088623046875,0.50811767578125,0.508056640625,-0.08203125,0.3515625,-0.6015625,-0.021484375,0.0546875,-0.01953125
2026-09-04T06:32:49.845623,0.51025390625,0.47259521484375,0.50927734375,0.5068359375,-0.19140625,-0.109375,-0.171875,-0.015625,0.05859375,-0.005859375
2026-09-04T06:32:49.945735,0.50958251953125,0.47430419921875,0.5106201171875,0.50457763671875,0.17578125,-0.375,-0.5703125,0.00390625,0.0625,0.015625
2026-09-04T06:32:50.164214,0.50701904296875,0.47955322265625,0.5128173828125,0.50006103515625,0.1171875,0.23828125,-0.63671875,0.013671875,0.08203125,0.0234375
2026-09-04T06:32:50.263457,0.505126953125,0.48272705078125,0.513916015625,0.49774169921875,-0.55078125,0.23828125,-0.4140625,-0.013671875,0.083984375,-0.001953125
2026-09-04T06:32:50.363554,0.50299072265625,0.485595703125,0.51513671875,0.495849609375,0.40625,-0.4140625,-0.65234375,0.033203125,0.0625,0.15625
2026-09-04T06:32:50.462977,0.501708984375,0.489013671875,0.515625,0.4932861328125,0.69921875,-0.56640625,-0.2734375,0.0078125,0.0703125,0.080078125
2026-09-04T06:32:50.564331,0.50067138671875,0.491455078125,0.51702880859375,0.49041748046875,-0.10546875,-0.0703125,-0.46484375,0.013671875,0.0859375,-0.044921875
2026-09-04T06:32:50.662635,0.50042724609375,0.4937744140625,0.51849365234375,0.4866943359375,-0.12890625,0.3125,-0.7734375,0.00390625,0.083984375,-0.0859375
2026-09-04T06:32:50.763779,0.49957275390625,0.4962158203125,0.51995849609375,0.483642578125,0.4609375,-0.30078125,-0.1953125,0.021484375,0.076171875,0.005859375
2026-09-04T06:32:50.863324,0.49932861328125,0.49835205078125,0.5213623046875,0.4801025390625,0.4921875,-0.19140625,-1.12109375,-0.013671875,0.083984375,-0.046875
2026-09-04T06:32:50.965202,0.49755859375,0.50042724609375,0.52325439453125,0.47772216796875,0.3046875,0.3046875,-0.44140625,0.041015625,0.0859375,-0.017578125
2026-09-04T06:32:51.064899,0.4971923828125,0.50360107421875,0.524169921875,0.47381591796875,0.27734375,0.3828125,-0.9375,0.0078125,0.091796875,-0.017578125
2026-09-04T06:32:51.261285,0.494873046875,0.50970458984375,0.5262451171875,-1.53265380859375,0.015625,-0.27734375,-0.5078125,-0.001953125,0.083984375,0.017578125
2026-09-04T06:32:51.361501,0.4940185546875,0.51153564453125,0.52838134765625,0.46380615234375,0.390625,-0.20703125,-0.76171875,-0.041015625,0.083984375,0.146484375
2026-09-04T06:32:51.461265,0.4918212890625,0.51336669921875,0.53082275390625,0.4613037109375,0.2421875,0.40625,-0.4375,-0.001953125,0.095703125,-0.08203125
2026-09-04T06:32:51.562600,0.4896240234375,0.5157470703125,0.53271484375,0.45880126953125,0.16796875,0.46484375,-0.8515625,0.001953125,0.09375,-0.017578125
2026-09-04T06:32:51.662362,0.48785400390625,0.51788330078125,0.53485107421875,0.45574951171875,-0.39453125,0.80859375,-0.53125,0.01953125,0.0859375,0.095703125
2026-09-04T06:32:51.762665,0.488037109375,0.52032470703125,0.53668212890625,0.45068359375,-0.31640625,-0.00390625,-0.4609375,0.037109375,0.09375,0.1328125
2026-09-04T06:32:51.862482,0.48773193359375,0.52325439453125,0.5384521484375,0.44537353515625,-0.31640625,-0.5390625,-0.05078125,0.068359375,0.119140625,0.01953125
2026-09-04T06:32:52.062287,0.483154296875,0.53289794921875,0.540771484375,-1.56390380859375,-0.671875,0.95703125,-1.4296875,0.017578125,0.142578125,-0.08203125
2026-09-04T06:32:52.162703,0.4796142578125,0.53704833984375,0.54290771484375,0.4322509765625,-0.69140625,0.765625,-1.3125,0.033203125,0.134765625,0.02734375
2026-09-04T06:32:52.262332,0.47747802734375,0.54083251953125,0.54522705078125,0.42694091796875,0.00390625,0.08203125,-0.79296875,0.021484375,0.134765625,0.01171875
2026-09-04T06:32:52.362532,0.47625732421875,0.54473876953125,0.54705810546875,0.4208984375,-0.3515625,0.65625,-0.8515625,0.041015625,0.130859375,-0.013671875
2026-09-04T06:32:52.462200,0.47589111328125,0.54779052734375,0.54937744140625,0.414306640625,0.30078125,-0.9453125,-0.71875,0.029296875,0.125,0.072265625
2026-09-04T06:32:52.562313,0.4727783203125,0.55206298828125,0.55108642578125,0.40985107421875,-0.12890625,0.28125,-0.6640625,0.033203125,0.142578125,-0.0546875
2026-09-04T06:32:52.661785,0.469970703125,0.55615234375,0.55291748046875,0.40509033203125,-0.359375,0.05078125,-0.6171875,0.017578125,0.13671875,-0.03125
2026-09-04T06:32:52.762057,0.4674072265625,0.55987548828125,0.55474853515625,0.400390625,0.0625,0.2421875,-0.2265625,0.00390625,0.115234375,0.056640625
2026-09-04T06:32:52.861650,0.4647216796875,0.562255859375,0.55755615234375,0.396240234375,-0.28125,0.16796875,-0.5625,-0.013671875,0.115234375,0.01953125
2026-09-04T06:32:52.969123,0.4630126953125,0.56390380859375,0.5604248046875,0.391845703125,0.26171875,-0.71484375,-0.36328125,-0.021484375,0.11328125,-0.0859375
2026-09-04T06:32:53.065513,0.459716796875,0.568115234375,0.56280517578125,0.38623046875,0.23046875,-0.26171875,-0.05859375,-0.001953125,0.09765625,0.0078125
2026-09-04T06:32:53.165734,0.4573974609375,0.5711669921875,0.563720703125,0.383056640625,-0.7578125,0.04296875,0.1875,0.03125,0.08984375,0.001953125
2026-09-04T06:32:53.265823,0.4554443359375,0.57427978515625,0.564453125,0.37969970703125,-0.7734375,0.55078125,0.2578125,0.009765625,0.09765625,-0.03515625
2026-09-04T06:32:53.368012,0.4539794921875,0.57659912109375,0.5657958984375,0.3758544921875,-0.58203125,0.12890625,-0.15625,0.01953125,0.087890625,0.09765625
2026-09-04T06:32:53.466778,0.45184326171875,0.579345703125,-1.4329833984375,-1.6275634765625,-0.19140625,-0.0234375,-0.21875,0.0078125,0.095703125,0.03515625
2026-09-04T06:32:53.568041,0.4508056640625,0.58343505859375,0.56658935546875,0.367919921875,-0.4375,0.12890625,-0.40234375,0.009765625,0.1015625,-0.03515625
2026-09-04T06:32:53.666768,0.44976806640625,0.586181640625,0.56756591796875,0.36334228515625,-0.3671875,0.12890625,-0.1484375,0.017578125,0.1015625,0.009765625
2026-09-04T06:32:53.767657,0.44805908203125,0.5887451171875,0.56890869140625,-1.640869140625,-0.3828125,-0.09375,-0.23828125,-0.013671875,0.09765625,0.048828125
2026-09-04T06:32:53.867980,0.4451904296875,0.59100341796875,0.57080078125,0.35595703125,-0.0859375,-0.21484375,-0.0859375,0.009765625,0.099609375,0.037109375
2026-09-04T06:32:53.967695,0.4427490234375,0.5858154296875,0.57220458984375,0.3524169921875,-0.0546875,-0.140625,0.06640625,0.015625,0.103515625,0.04296875
2026-09-04T06:32:54.068090,0.44012451171875,0.59625244140625,0.57366943359375,0.348876953125,-0.16796875,-0.25390625,-0.37890625,0.015625,0.1015625,0.0234375
2026-09-04T06:32:54.167637,0.4378662109375,0.598876953125,0.57489013671875,0.34521484375,0.03125,-0.40625,0.2109375,0.025390625,0.103515625,-0.033203125
2026-09-04T06:32:54.267892,0.4351806640625,0.60186767578125,0.57574462890625,0.34185791015625,-0.078125,-0.36328125,-0.33984375,-0.00390625,0.103515625,-0.013671875
2026-09-04T06:32:54.368537,0.43212890625,0.6043701171875,0.57720947265625,0.33892822265625,-0.30078125,-0.0546875,-0.1484375,-0.001953125,0.349609375,-0.005859375
2026-09-04T06:32:54.468302,0.42919921875,0.60650634765625,0.57879638671875,0.33612060546875,-0.359375,-0.015625,-0.18359375,-0.013671875,0.091796875,-0.2734375
2026-09-04T06:32:54.568666,0.42626953125,0.60821533203125,0.58062744140625,0.3336181640625,-0.62890625,0.2421875,0.2265625,-0.0078125,0.09375,-0.01953125
2026-09-04T06:32:54.672378,0.42401123046875,0.60980224609375,0.58221435546875,0.33074951171875,-0.3203125,-0.40625,0.13671875,0.0078125,0.0859375,-0.0078125
2026-09-04T06:32:54.772171,0.42181396484375,0.6119384765625,0.58319091796875,0.3277587890625,-0.328125,0.01953125,-0.23828125,0.0078125,0.087890625,-0.01953125
2026-09-04T06:32:54.871657,0.419677734375,0.613525390625,0.584716796875,0.32501220703125,-0.015625,-0.4375,-0.015625,-0.005859375,0.0859375,0.015625
2026-09-04T06:32:54.972389,0.41656494140625,0.61572265625,0.585693359375,0.322998046875,-0.7734375,-0.015625,0.3671875,0.01953125,0.091796875,-0.041015625
2026-09-04T06:32:55.182996,0.40936279296875,0.6195068359375,0.58978271484375,0.31744384765625,0.0390625,-1.01953125,0.05859375,-0.021484375,0.0859375,-0.052734375
2026-09-04T06:32:55.278595,0.4075927734375,0.61993408203125,0.59197998046875,0.3148193359375,-0.19140625,0.80859375,-0.00390625,-0.025390625,0.0859375,-0.0625
2026-09-04T06:32:55.379113,0.404052734375,0.62103271484375,0.59381103515625,0.3138427734375,0.28515625,-0.69140625,0.43359375,-0.033203125,0.0703125,0.1015625
2026-09-04T06:32:55.474011,0.40386962890625,0.620849609375,0.594970703125,0.31219482421875,0.67578125,-1.0,0.73828125,-0.00390625,0.05859375,0.0859375
2026-09-04T06:32:55.572248,0.3985595703125,0.62322998046875,0.596435546875,0.3114013671875,-0.4375,0.21875,0.1796875,-0.013671875,0.072265625,-0.109375
2026-09-04T06:32:55.669584,0.3973388671875,0.62384033203125,0.596923828125,0.31085205078125,-0.625,0.87109375,0.01171875,-0.02734375,0.052734375,0.02734375
2026-09-04T06:32:55.763806,0.39495849609375,0.62451171875,0.5982666015625,0.3099365234375,-0.3046875,-0.38671875,0.5859375,-0.009765625,0.05078125,0.029296875
2026-09-04T06:32:55.864025,0.392578125,0.6253662109375,0.59930419921875,0.30914306640625,-0.6796875,0.49609375,0.69140625,-0.009765625,0.0546875,-0.0234375
2026-09-04T06:32:55.971182,0.390380859375,0.62603759765625,0.60052490234375,0.308349609375,-0.28125,-0.1171875,0.4296875,-0.001953125,0.048828125,0.017578125
2026-09-04T06:32:56.064275,0.38885498046875,0.626708984375,0.6015625,0.3067626953125,-0.328125,-0.5390625,0.93359375,0.013671875,0.05078125,-0.0234375
2026-09-04T06:32:56.171114,0.38555908203125,0.62823486328125,0.6029052734375,0.30535888671875,-0.08984375,-0.5,0.0390625,0.00390625,0.04296875,0.072265625
2026-09-04T06:32:56.263170,0.38494873046875,0.62860107421875,0.60333251953125,0.304443359375,-0.10546875,0.15234375,0.23828125,0.01171875,0.0546875,-0.01953125
2026-09-04T06:32:56.370886,0.3804931640625,0.63043212890625,0.60455322265625,0.3038330078125,-0.2578125,-0.1953125,0.16015625,-0.013671875,0.060546875,-0.025390625
2026-09-04T06:32:56.469535,0.3782958984375,0.63116455078125,0.605712890625,0.30267333984375,-0.44140625,0.234375,-0.0390625,-0.015625,0.064453125,-0.078125
2026-09-04T06:32:56.676905,0.3760986328125,0.63238525390625,0.60650634765625,0.3013916015625,-0.34765625,0.734375,-0.4765625,-0.015625,0.05078125,0.08203125
2026-09-04T06:32:56.774240,0.37274169921875,0.633056640625,0.60968017578125,0.29766845703125,0.07421875,-0.53125,0.11328125,0.013671875,0.05859375,0.068359375
2026-09-04T06:32:56.874930,0.37115478515625,0.634765625,0.61029052734375,0.294677734375,0.53125,-0.4140625,-0.109375,0.041015625,0.072265625,0.04296875
2026-09-04T06:32:56.981747,0.369873046875,0.6357421875,0.61077880859375,0.293212890625,0.38671875,-0.0234375,-0.8515625,0.017578125,0.08984375,-0.01171875
2026-09-04T06:32:57.080417,0.36627197265625,0.638427734375,0.6114501953125,0.29058837890625,-0.41796875,0.43359375,-0.859375,0.033203125,0.099609375,0.044921875
2026-09-04T06:32:57.180497,0.36260986328125,0.64111328125,0.61236572265625,0.28717041015625,-0.02734375,-0.0625,-1.48828125,0.0,0.123046875,-0.064453125
2026-09-04T06:32:57.281932,0.3587646484375,0.64276123046875,0.6143798828125,0.2840576171875,0.28125,-0.5234375,-0.328125,0.005859375,0.09765625,0.095703125
2026-09-04T06:32:57.392586,0.354736328125,0.64471435546875,0.6158447265625,0.2813720703125,-0.125,0.51171875,-0.19921875,0.017578125,0.107421875,-0.025390625
2026-09-04T06:32:57.471053,0.3514404296875,0.64630126953125,0.61761474609375,0.27801513671875,0.203125,-1.17578125,-0.3828125,-0.009765625,0.111328125,0.056640625
2026-09-04T06:32:57.590717,0.346923828125,0.64825439453125,0.61932373046875,0.275390625,0.625,-0.5234375,0.24609375,-0.013671875,0.380859375,-0.15625
2026-09-04T06:32:57.687967,0.34356689453125,0.6505126953125,0.62042236328125,0.271728515625,-0.6484375,0.2890625,0.15234375,0.01953125,0.10546875,0.044921875
2026-09-04T06:32:57.780813,0.34039306640625,0.65264892578125,0.62158203125,0.26800537109375,-0.33203125,-0.7734375,-0.3203125,-0.009765625,0.11328125,-0.03125
2026-09-04T06:32:57.891588,0.33612060546875,0.65435791015625,0.6231689453125,0.26544189453125,-0.1640625,0.44140625,-0.59765625,-0.025390625,0.115234375,-0.052734375
2026-09-04T06:32:57.979057,0.33203125,0.6558837890625,0.62493896484375,0.2626953125,-0.00390625,0.2890625,-0.48046875,-0.009765625,0.109375,0.04296875
2026-09-04T06:32:58.074046,0.32855224609375,0.657470703125,0.62664794921875,0.25909423828125,-0.44921875,0.6328125,0.109375,0.00390625,0.107421875,0.037109375
2026-09-04T06:32:58.173695,0.3275146484375,0.6588134765625,0.62799072265625,0.253662109375,0.1875,-0.9765625,-0.328125,0.0078125,0.103515625,0.068359375
2026-09-04T06:32:58.274724,0.32562255859375,0.66131591796875,0.6280517578125,0.24932861328125,0.38671875,-0.515625,0.83203125,0.05859375,0.095703125,-0.029296875
2026-09-04T06:32:58.374160,0.322998046875,0.66357421875,0.6285400390625,0.24560546875,-0.25,0.51171875,-0.07421875,-0.009765625,0.109375,-0.056640625
2026-09-04T06:32:58.591947,0.3170166015625,0.6666259765625,0.630615234375,0.23968505859375,-0.08203125,0.08203125,0.171875,0.0078125,0.078125,0.099609375
2026-09-04T06:32:58.690388,0.31341552734375,0.66864013671875,0.6309814453125,0.23779296875,-0.328125,0.92578125,0.109375,0.013671875,0.080078125,-0.09375
2026-09-04T06:32:58.913331,0.30908203125,0.671142578125,0.6322021484375,0.233154296875,-1.1015625,0.50390625,0.78515625,0.001953125,0.0703125,-0.01953125
2026-09-04T06:32:59.011741,0.30712890625,0.67340087890625,0.63214111328125,0.22930908203125,-1.27734375,0.81640625,0.6875,0.001953125,0.056640625,-0.087890625
2026-09-04T06:32:59.111662,0.3057861328125,0.6741943359375,0.63250732421875,0.2276611328125,-0.09765625,-0.484375,0.28515625,-0.013671875,0.044921875,0.0234375
2026-09-04T06:32:59.205211,0.30340576171875,0.67486572265625,0.6331787109375,0.22711181640625,-0.55078125,0.390625,0.953125,-0.0078125,0.046875,0.00390625
2026-09-04T06:32:59.313142,0.30169677734375,0.676025390625,0.63348388671875,0.22503662109375,-0.16015625,-0.23046875,1.0234375,0.009765625,0.04296875,-0.013671875
2026-09-04T06:32:59.409730,0.3009033203125,0.67578125,0.6341552734375,0.22509765625,-0.76953125,-0.38671875,0.8671875,-0.03125,0.01953125,0.00390625
2026-09-04T06:32:59.511836,0.29901123046875,0.675537109375,0.635009765625,0.22589111328125,-0.44140625,-0.1171875,1.01171875,-0.001953125,0.00390625,0.05859375
2026-09-04T06:32:59.610831,0.298095703125,0.67572021484375,0.635009765625,0.22637939453125,-0.06640625,-0.453125,1.171875,0.0,0.0078125,0.029296875
2026-09-04T06:32:59.711049,0.2972412109375,0.67706298828125,0.63397216796875,0.22637939453125,-0.74609375,0.359375,0.93359375,0.013671875,0.015625,-0.06640625
2026-09-04T06:32:59.811827,0.297119140625,0.6771240234375,0.63397216796875,0.226318359375,-0.9140625,0.05078125,0.46875,0.015625,0.0,-0.00390625
2026-09-04T06:32:59.911671,0.29693603515625,0.67718505859375,0.63409423828125,0.226318359375,-0.35546875,-0.0546875,0.88671875,0.013671875,0.00390625,0.001953125
2026-09-04T06:33:00.012616,0.29541015625,0.677734375,0.6337890625,0.22723388671875,-0.68359375,0.3671875,0.56640625,0.0078125,0.00390625,0.00390625
2026-09-04T06:33:00.112519,0.29534912109375,0.678955078125,0.632568359375,0.22723388671875,-0.421875,-0.1640625,1.02734375,0.052734375,0.001953125,-0.0234375
2026-09-04T06:33:00.212969,0.29547119140625,0.679443359375,0.6319580078125,0.2274169921875,-0.0390625,0.3046875,0.4453125,0.03515625,-0.009765625,0.0390625
2026-09-04T06:33:00.312944,0.2957763671875,0.6793212890625,0.6319580078125,0.227294921875,-0.484375,0.57421875,0.28125,0.025390625,0.00390625,-0.04296875
2026-09-04T06:33:00.412689,0.29632568359375,0.67877197265625,0.63250732421875,0.226806640625,-0.59765625,0.765625,0.46484375,-0.001953125,0.001953125,0.017578125
2026-09-04T06:33:00.514184,0.29608154296875,0.6781005859375,0.6331787109375,0.22711181640625,-0.4140625,0.49609375,0.234375,-0.005859375,-0.005859375,0.05859375
2026-09-04T06:33:00.614242,0.29559326171875,0.6768798828125,0.63421630859375,0.228515625,-0.8046875,-0.0859375,0.81640625,0.00390625,-0.009765625,0.03515625
2026-09-04T06:33:00.713604,0.2957763671875,0.6763916015625,0.63433837890625,0.2293701171875,-0.3984375,0.796875,0.2578125,0.025390625,-0.01171875,-0.037109375
2026-09-04T06:33:00.813845,0.295166015625,0.67620849609375,0.63433837890625,0.23065185546875,-0.22265625,0.14453125,0.38671875,0.001953125,-0.013671875,0.009765625
2026-09-04T06:33:00.914365,0.29449462890625,0.6761474609375,0.63427734375,0.2318115234375,-0.140625,-0.69921875,0.41015625,0.01953125,-0.013671875,0.044921875
2026-09-04T06:33:01.013547,0.29498291015625,0.67596435546875,0.63421630859375,0.2320556640625,0.6953125,-1.03515625,0.109375,0.025390625,-0.005859375,-0.033203125
2026-09-04T06:33:01.114060,0.293701171875,0.6771240234375,0.63299560546875,0.23358154296875,-0.78125,1.33984375,0.234375,0.048828125,-0.017578125,0.08984375
2026-09-04T06:33:01.214117,0.29351806640625,0.675537109375,0.63433837890625,0.2347412109375,-0.86328125,0.96484375,0.70703125,-0.01171875,-0.005859375,-0.06640625
2026-09-04T06:33:01.420334,0.29290771484375,0.67401123046875,0.6356201171875,0.23638916015625,-0.453125,-1.49609375,0.74609375,0.01171875,-0.017578125,0.005859375
2026-09-04T06:33:01.517850,0.29254150390625,0.67333984375,0.6357421875,0.2384033203125,-0.3515625,0.57421875,0.33984375,0.015625,-0.001953125,-0.087890625
2026-09-04T06:33:01.617211,0.29254150390625,0.6728515625,0.63580322265625,0.2396240234375,-0.8046875,1.03125,0.59765625,0.01171875,-0.025390625,0.08203125
2026-09-04T06:33:01.717108,0.29339599609375,0.672607421875,0.63555908203125,0.24005126953125,0.375,-0.99609375,0.4375,0.029296875,-0.02734375,0.09375
2026-09-04T06:33:01.817122,0.29376220703125,0.67236328125,0.63525390625,0.24090576171875,-0.14453125,0.7265625,0.34375,0.013671875,-0.017578125,-0.0234375
2026-09-04T06:33:01.917383,0.2933349609375,0.6705322265625,0.63671875,0.24273681640625,0.0078125,0.265625,0.09375,0.0,-0.021484375,0.064453125
2026-09-04T06:33:02.017087,0.2933349609375,0.66900634765625,0.6378173828125,0.244140625,0.19140625,0.640625,0.26953125,0.009765625,-0.021484375,0.048828125
2026-09-04T06:33:02.117000,0.294189453125,0.667724609375,0.63848876953125,0.2447509765625,-0.24609375,0.22265625,0.25390625,-0.001953125,-0.0234375,0.068359375
2026-09-04T06:33:02.216926,0.295166015625,0.666748046875,0.63873291015625,0.24560546875,-0.671875,0.40625,0.65625,0.021484375,-0.0390625,0.11328125
2026-09-04T06:33:02.316881,0.29541015625,0.66595458984375,0.638916015625,0.2469482421875,0.68359375,0.08984375,-0.36328125,-0.00390625,-0.01953125,-0.033203125
2026-09-04T06:33:02.417508,0.29473876953125,0.6649169921875,0.6396484375,0.2486572265625,0.4765625,-0.4921875,0.7265625,-0.017578125,-0.017578125,0.0
2026-09-04T06:33:02.516654,0.293701171875,0.66436767578125,0.63983154296875,0.2508544921875,0.0390625,0.08984375,0.3046875,0.00390625,-0.015625,-0.009765625
2026-09-04T06:33:02.616449,0.29290771484375,0.66259765625,0.6412353515625,0.2529296875,0.0625,-0.59765625,0.12109375,-0.0078125,-0.029296875,0.072265625
2026-09-04T06:33:02.716844,0.29193115234375,0.661376953125,0.64202880859375,0.25531005859375,0.37890625,-0.21484375,0.12890625,-0.013671875,-0.009765625,-0.076171875
2026-09-04T06:33:02.816707,0.291259765625,0.65960693359375,0.6434326171875,0.257080078125,-0.265625,-0.1875,0.77734375,-0.03515625,-0.01171875,-0.013671875
2026-09-04T06:33:03.033892,0.291259765625,0.65667724609375,0.6455078125,0.2593994140625,-0.02734375,-0.921875,0.21875,-0.017578125,-0.013671875,-0.03125
2026-09-04T06:33:03.133212,0.291748046875,0.656005859375,0.6456298828125,0.2601318359375,0.0390625,-0.00390625,0.1015625,-0.005859375,-0.017578125,0.005859375
2026-09-04T06:33:03.233204,0.29119873046875,0.6551513671875,0.64605712890625,0.2618408203125,0.21875,0.19921875,0.23828125,-0.001953125,-0.01953125,0.015625
2026-09-04T06:33:03.333008,0.2908935546875,0.65435791015625,0.646484375,0.26324462890625,-0.08203125,0.03515625,0.1484375,-0.005859375,-0.01171875,-0.00390625
2026-09-04T06:33:03.433137,0.291259765625,0.653564453125,0.64691162109375,0.26373291015625,-0.2109375,0.57421875,0.1484375,0.01171875,-0.017578125,0.0390625
2026-09-04T06:33:03.532812,0.292236328125,0.65283203125,0.64715576171875,0.26385498046875,-0.03515625,0.2265625,-0.08984375,-0.005859375,-0.013671875,-0.01953125
2026-09-04T06:33:03.632562,0.29229736328125,0.65185546875,0.64764404296875,0.26495361328125,-0.34375,0.06640625,0.046875,0.015625,-0.021484375,0.021484375
2026-09-04T06:33:03.732674,0.2933349609375,0.64337158203125,0.6478271484375,0.2650146484375,-0.08984375,0.02734375,0.28515625,0.001953125,-0.009765625,-0.01171875
2026-09-04T06:33:03.832226,0.29290771484375,0.64300537109375,0.64788818359375,0.26611328125,0.1171875,-0.890625,-0.07421875,-0.0078125,-0.009765625,-0.044921875
2026-09-04T06:33:03.932689,0.29229736328125,0.65045166015625,0.64801025390625,0.26751708984375,-0.12890625,0.79296875,0.03125,-0.001953125,-0.009765625,-0.0390625
2026-09-04T06:33:04.032679,0.2919921875,0.64990234375,0.6483154296875,0.26849365234375,-0.5390625,0.48828125,0.17578125,0.00390625,-0.009765625,-0.005859375
2026-09-04T06:33:04.132428,0.29266357421875,0.64898681640625,0.64886474609375,0.26861572265625,0.0546875,-0.31640625,-0.06640625,-0.017578125,-0.021484375,0.064453125
2026-09-04T06:33:04.232094,0.2928466796875,0.6478271484375,0.6495361328125,0.26953125,-0.171875,-0.69921875,0.22265625,0.005859375,-0.01953125,0.046875
2026-09-04T06:33:04.332048,0.29150390625,0.6478271484375,0.6492919921875,0.2716064453125,0.05078125,-0.578125,-0.47265625,-0.00390625,0.001953125,-0.09765625
2026-09-04T06:33:04.431709,0.28985595703125,0.648193359375,0.64874267578125,0.273681640625,-0.1171875,-0.30078125,-0.015625,0.013671875,-0.0078125,-0.056640625
2026-09-04T06:33:04.537547,0.28851318359375,0.64874267578125,0.64801025390625,0.2755126953125,-0.34765625,-0.0625,0.3359375,-0.00390625,-0.013671875,0.017578125
2026-09-04T06:33:04.637811,0.28955078125,0.648193359375,0.64794921875,0.2681884765625,-0.73828125,0.3671875,0.18359375,-0.005859375,-0.013671875,0.033203125
2026-09-04T06:33:05.165544,0.28955078125,0.648193359375,0.64794921875,0.2681884765625,-0.73828125,0.3671875,0.18359375,-0.001953125,-0.001953125,-0.001953125
2026-09-04T06:33:05.265780,0.28955078125,0.648193359375,0.64794921875,0.2681884765625,-0.73828125,0.3671875,0.18359375,-0.001953125,-0.001953125,-0.001953125
2026-09-04T06:33:05.365786,0.28955078125,0.648193359375,0.64794921875,0.2681884765625,-0.73828125,0.3671875,0.18359375,-0.001953125,-0.001953125,-0.001953125
2026-09-04T06:33:05.465867,0.28955078125,0.648193359375,0.64794921875,0.2681884765625,-0.73828125,0.3671875,0.18359375,-0.001953125,-0.001953125,-0.001953125
2026-09-04T06:33:05.565639,0.28955078125,0.648193359375,0.64794921875,0.2681884765625,-0.73828125,0.3671875,0.18359375,-0.001953125,-0.001953125,-0.001953125
2026-09-04T06:33:05.666053,0.28955078125,0.648193359375,0.64794921875,0.2681884765625,-0.73828125,0.3671875,0.18359375,-0.001953125,-0.001953125,-0.001953125
2026-09-04T06:33:05.766380,0.28955078125,0.648193359375,0.64794921875,0.2681884765625,-0.73828125,0.3671875,0.18359375,-0.001953125,-0.001953125,-0.001953125
2026-09-04T06:33:05.866288,0.28955078125,0.648193359375,0.64794921875,0.2681884765625,-0.73828125,0.3671875,0.18359375,-0.001953125,-0.001953125,-0.001953125
2026-09-04T06:33:05.966532,0.28955078125,0.648193359375,0.64794921875,0.2681884765625,-0.73828125,0.3671875,0.18359375,-0.001953125,-0.001953125,-0.001953125
2026-09-04T06:33:06.066073,0.28955078125,0.648193359375,0.64794921875,0.2681884765625,-0.73828125,0.3671875,0.18359375,-0.001953125,-0.001953125,-0.001953125
2026-09-04T06:33:06.166685,0.28955078125,0.648193359375,0.64794921875,0.2681884765625,-0.73828125,0.3671875,0.18359375,-0.001953125,-0.001953125,-0.001953125
2026-09-04T06:33:06.266764,0.28955078125,0.648193359375,0.64794921875,0.2681884765625,-0.73828125,0.3671875,0.18359375,-0.001953125,-0.001953125,-0.001953125
2026-09-04T06:33:06.366828,0.28955078125,0.648193359375,0.64794921875,0.2681884765625,-0.73828125,0.3671875,0.18359375,-0.001953125,-0.001953125,-0.001953125
2026-09-04T06:33:06.467136,0.28955078125,0.648193359375,0.64794921875,0.2681884765625,-0.73828125,0.3671875,0.18359375,-0.001953125,-0.001953125,-0.001953125
2026-09-04T06:33:06.567025,0.28955078125,0.648193359375,0.64794921875,0.2681884765625,-0.73828125,0.3671875,0.18359375,-0.001953125,-0.001953125,-0.001953125
2026-09-04T06:33:06.667164,0.28955078125,0.648193359375,0.64794921875,0.2681884765625,-0.73828125,0.3671875,0.18359375,-0.001953125,-0.001953125,-0.001953125
2026-09-04T06:33:06.767364,0.28955078125,0.648193359375,0.64794921875,0.2681884765625,-0.73828125,0.3671875,0.18359375,-0.001953125,-0.001953125,-0.001953125
2026-09-04T06:33:06.867319,0.28955078125,0.648193359375,0.64794921875,0.2681884765625,-0.73828125,0.3671875,0.18359375,-0.001953125,-0.001953125,-0.001953125
2026-09-04T06:33:06.967537,0.28955078125,0.648193359375,0.64794921875,0.2681884765625,-0.73828125,0.3671875,0.18359375,-0.001953125,-0.001953125,-0.001953125
2026-09-04T06:33:09.041754,0.49542236328125,0.4813232421875,0.51837158203125,0.504150390625,0.23828125,7.6328125,-0.0859375,0.03125,0.00390625,-0.037109375
2026-09-04T06:33:09.141015,0.4952392578125,0.48248291015625,0.517578125,0.5040283203125,-0.26171875,8.71484375,-0.34375,0.021484375,0.01171875,-0.001953125
2026-09-04T06:33:09.240505,0.49560546875,0.48248291015625,0.51812744140625,0.503173828125,-0.96484375,7.6796875,-0.65234375,-0.009765625,0.013671875,-0.013671875
2026-09-04T06:33:09.345750,0.49725341796875,0.4810791015625,0.51959228515625,0.50128173828125,-0.1015625,6.45703125,0.3515625,0.017578125,0.0,0.00390625
2026-09-04T06:33:09.440295,0.49688720703125,0.48193359375,0.51910400390625,0.5013427734375,0.62890625,6.578125,-0.67578125,0.009765625,0.0078125,-0.09375
2026-09-04T06:33:09.545032,0.4962158203125,0.4815673828125,0.5196533203125,0.5018310546875,0.3125,5.0546875,0.2734375,-0.01171875,0.001953125,0.060546875
2026-09-04T06:33:09.646135,0.4951171875,0.482421875,0.51934814453125,0.50238037109375,0.3046875,4.65234375,0.66796875,0.0078125,0.0078125,-0.01953125
2026-09-04T06:33:09.746890,0.4942626953125,0.48272705078125,0.51953125,0.50274658203125,0.8046875,4.8671875,0.3203125,-0.046875,0.0078125,-0.078125
2026-09-04T06:33:09.846613,0.48504638671875,0.48309326171875,0.5194091796875,0.50390625,1.26953125,5.09765625,-0.60546875,-0.03125,0.01171875,-0.01171875
2026-09-04T06:33:09.946263,0.49310302734375,0.48291015625,0.51995849609375,0.50323486328125,1.26171875,4.76171875,0.8515625,0.0390625,-0.005859375,0.111328125
2026-09-04T06:33:10.047486,0.494873046875,0.48309326171875,0.51995849609375,0.5013427734375,0.48046875,3.44140625,0.51953125,0.025390625,0.0,-0.02734375
2026-09-04T06:33:10.147991,0.4957275390625,0.48333740234375,0.51947021484375,0.5008544921875,-0.0234375,5.47265625,-0.57421875,0.0390625,-0.009765625,0.03125
2026-09-04T06:33:10.246962,0.4957275390625,0.485107421875,0.5174560546875,0.50115966796875,-0.19921875,4.06640625,0.19921875,0.0390625,-0.013671875,0.078125
2026-09-04T06:33:10.462518,0.4886474609375,0.4844970703125,0.5174560546875,0.50103759765625,-0.4296875,4.625,-0.09765625,-0.013671875,-0.009765625,0.013671875
2026-09-04T06:33:10.560655,0.4979248046875,0.48388671875,0.51763916015625,0.5,0.44921875,3.32421875,0.0703125,0.029296875,0.001953125,-0.091796875
2026-09-04T06:33:10.659490,0.49810791015625,0.48333740234375,0.51739501953125,0.5006103515625,-0.21875,3.42578125,0.12890625,-0.01953125,-0.01953125,0.0625
2026-09-04T06:33:10.759764,0.4990234375,0.483154296875,0.5167236328125,0.50054931640625,-0.484375,3.4609375,0.359375,0.005859375,-0.01171875,-0.091796875
2026-09-04T06:33:10.859989,0.49957275390625,0.482666015625,0.51666259765625,0.50054931640625,-0.203125,2.765625,0.3984375,0.001953125,-0.005859375,0.0
2026-09-04T06:33:11.073514,0.5010986328125,0.48199462890625,0.51617431640625,0.50018310546875,-0.41796875,2.31640625,0.796875,0.01953125,-0.03125,0.013671875
2026-09-04T06:33:11.280150,0.50469970703125,0.47918701171875,0.51361083984375,0.5018310546875,-0.3046875,1.89453125,0.3359375,-0.001953125,-0.052734375,0.046875
2026-09-04T06:33:11.380424,0.50616455078125,0.4779052734375,0.51214599609375,0.503173828125,0.39453125,1.1875,1.05078125,0.015625,-0.05859375,-0.048828125
2026-09-04T06:33:11.479110,0.508544921875,0.47650146484375,0.51025390625,0.5040283203125,0.80078125,1.22265625,0.765625,0.0078125,-0.07421875,0.017578125
2026-09-04T06:33:11.580054,0.5101318359375,0.4754638671875,0.5076904296875,0.50592041015625,0.34765625,0.26171875,1.1640625,0.013671875,-0.07421875,-0.001953125
2026-09-04T06:33:11.679481,0.51226806640625,0.4737548828125,0.505615234375,0.5074462890625,0.35546875,-0.2578125,2.0,0.064453125,-0.083984375,0.044921875
2026-09-04T06:33:11.779517,0.51507568359375,0.47271728515625,0.50274658203125,0.5084228515625,0.29296875,1.29296875,-0.23046875,0.04296875,-0.06640625,-0.115234375
2026-09-04T06:33:12.001111,0.5185546875,0.471435546875,0.49578857421875,0.51287841796875,0.140625,1.4375,-0.109375,-0.029296875,-0.0859375,0.05078125
2026-09-04T06:33:12.093848,0.5205078125,0.46881103515625,0.4918212890625,0.51708984375,-0.26953125,1.55859375,0.5546875,-0.01171875,-0.08984375,-0.02734375
2026-09-04T06:33:12.311314,0.5260009765625,0.46063232421875,0.489013671875,0.521484375,-0.68359375,0.98046875,0.984375,-0.025390625,-0.11328125,0.091796875
2026-09-04T06:33:12.528042,0.5291748046875,0.45428466796875,0.4830322265625,0.5294189453125,-0.46875,0.76171875,1.25390625,-0.044921875,-0.109375,-0.078125
2026-09-04T06:33:12.628034,0.53094482421875,0.45098876953125,0.4798583984375,0.5333251953125,-0.82421875,0.984375,1.140625,0.021484375,-0.125,0.005859375
2026-09-04T06:33:12.727091,0.5340576171875,0.44732666015625,0.4766845703125,0.53607177734375,-0.76953125,0.203125,1.1171875,0.021484375,-0.13671875,0.041015625
2026-09-04T06:33:12.949246,0.54290771484375,0.43646240234375,0.46630859375,0.5452880859375,0.32421875,0.17578125,0.76171875,0.015625,-0.12890625,-0.005859375
2026-09-04T06:33:13.147924,0.54644775390625,0.43170166015625,0.46038818359375,0.550537109375,-0.33984375,0.3671875,0.47265625,-0.029296875,-0.142578125,0.013671875
2026-09-04T06:33:13.346460,0.54998779296875,0.42205810546875,0.4541015625,0.5595703125,-0.1875,0.82421875,0.64453125,-0.015625,-0.142578125,0.001953125
2026-09-04T06:33:13.445484,0.552001953125,0.41650390625,0.45159912109375,0.5638427734375,-0.37890625,0.71875,0.8359375,-0.005859375,-0.14453125,-0.046875
2026-09-04T06:33:13.546349,0.55474853515625,0.411376953125,0.44854736328125,0.56732177734375,0.078125,0.2734375,0.765625,-0.01953125,-0.140625,-0.033203125
2026-09-04T06:33:13.646292,0.5567626953125,0.40673828125,0.4451904296875,0.57135009765625,0.1171875,-0.28515625,0.56640625,0.017578125,-0.14453125,-0.0078125
2026-09-04T06:33:13.747378,0.55841064453125,0.40338134765625,0.44073486328125,0.5755615234375,0.06640625,0.04296875,0.03515625,0.001953125,-0.130859375,-0.01953125
2026-09-04T06:33:13.953690,0.56072998046875,0.3944091796875,0.43170166015625,0.58624267578125,-0.21875,0.59375,-0.515625,-0.021484375,-0.1171875,-0.06640625
2026-09-04T06:33:14.158304,0.5609130859375,0.38677978515625,0.42767333984375,0.593994140625,-0.26953125,0.37890625,0.74609375,-0.03515625,-0.142578125,0.005859375
2026-09-04T06:33:14.257953,0.561767578125,0.3819580078125,0.42401123046875,0.5989990234375,-0.109375,-0.09765625,1.18359375,-0.005859375,-0.146484375,-0.041015625
2026-09-04T06:33:14.357571,0.56317138671875,0.3768310546875,0.42022705078125,0.603515625,-0.02734375,0.0859375,0.015625,-0.04296875,-0.150390625,-0.021484375
2026-09-04T06:33:14.457387,0.5648193359375,0.371337890625,0.41650390625,0.60791015625,-0.609375,0.5078125,0.93359375,-0.01171875,-0.158203125,-0.013671875
2026-09-04T06:33:14.556892,0.56781005859375,0.36572265625,0.4127197265625,0.61114501953125,-0.171875,-0.54296875,0.68359375,0.017578125,-0.166015625,0.033203125
2026-09-04T06:33:14.656979,0.56829833984375,0.359619140625,0.4093017578125,0.6165771484375,-0.29296875,0.0625,0.20703125,0.01171875,-0.162109375,-0.013671875
2026-09-04T06:33:14.757324,0.5693359375,0.35382080078125,0.4053955078125,0.62152099609375,-0.06640625,0.140625,0.47265625,-0.0078125,-0.1640625,-0.00390625
2026-09-04T06:33:14.857113,0.57049560546875,0.3489990234375,0.40069580078125,0.62628173828125,-0.27734375,-0.47265625,0.40234375,-0.005859375,-0.154296875,-0.046875
2026-09-04T06:33:14.963891,0.57196044921875,0.34393310546875,0.396240234375,0.63055419921875,-0.234375,0.40234375,0.12109375,-0.015625,-0.154296875,-0.041015625
2026-09-04T06:33:15.071754,0.57330322265625,0.3389892578125,0.39166259765625,0.6348876953125,0.08203125,-0.48046875,0.2890625,-0.001953125,-0.15234375,-0.052734375
2026-09-04T06:33:15.171812,0.5753173828125,0.33367919921875,0.38726806640625,0.63848876953125,-0.30859375,0.1640625,0.09375,-0.02734375,-0.16015625,-0.005859375
2026-09-04T06:33:15.272144,0.57574462890625,0.32769775390625,0.383544921875,0.6434326171875,-0.1953125,0.24609375,0.546875,-0.015625,-0.1640625,-0.01953125
2026-09-04T06:33:15.371500,0.575927734375,0.32183837890625,0.37939453125,0.648681640625,-0.546875,0.66796875,0.28515625,-0.029296875,-0.166015625,-0.01171875
2026-09-04T06:33:15.575400,0.5787353515625,0.309814453125,0.37078857421875,0.656982421875,-0.6484375,0.66015625,0.25390625,-0.017578125,-0.16796875,0.033203125
2026-09-04T06:33:15.671737,0.580078125,0.30377197265625,0.36651611328125,0.66094970703125,-0.08984375,0.046875,0.22265625,-0.017578125,-0.162109375,0.009765625
2026-09-04T06:33:15.771949,0.58160400390625,0.2978515625,0.36224365234375,0.6646728515625,-0.02734375,-0.765625,0.08203125,0.005859375,-0.1640625,0.0546875
2026-09-04T06:33:15.872531,0.58355712890625,0.2921142578125,0.35784912109375,0.6678466796875,-0.04296875,0.0703125,0.21484375,0.0,-0.1640625,0.01953125
2026-09-04T06:33:15.964304,0.58447265625,0.2861328125,0.3536376953125,0.67193603515625,-0.13671875,0.26953125,0.03515625,-0.021484375,-0.158203125,-0.033203125
2026-09-04T06:33:16.064201,0.58514404296875,0.28094482421875,0.34881591796875,0.676025390625,0.1171875,-0.88671875,-0.1328125,0.015625,-0.142578125,-0.029296875
2026-09-04T06:33:16.164289,0.58685302734375,0.27667236328125,0.34423828125,0.67864990234375,0.1171875,0.26171875,-1.07421875,0.0078125,-0.11328125,0.00390625
2026-09-04T06:33:16.388999,0.5899658203125,0.2703857421875,0.3297119140625,0.681884765625,0.1484375,0.515625,-1.5859375,0.005859375,-0.068359375,0.00390625
2026-09-04T06:33:16.481965,0.59124755859375,0.2669677734375,0.334228515625,0.68365478515625,-0.13671875,0.70703125,-1.5390625,-0.001953125,-0.05078125,-0.033203125
2026-09-04T06:33:16.588380,0.5919189453125,0.26470947265625,0.33306884765625,0.68450927734375,-0.44140625,1.05078125,-1.33203125,-0.029296875,-0.044921875,0.01171875
2026-09-04T06:33:16.681519,0.591796875,0.2633056640625,0.331787109375,0.68585205078125,0.26953125,-0.45703125,-1.1015625,0.025390625,-0.291015625,0.017578125
2026-09-04T06:33:16.787831,0.59307861328125,0.26171875,0.3310546875,0.6856689453125,0.37890625,-0.11328125,-1.22265625,-0.01171875,-0.021484375,-0.00390625
2026-09-04T06:33:16.886511,0.59320068359375,0.261474609375,0.3299560546875,0.68621826171875,-0.08203125,0.109375,-1.7421875,-0.021484375,-0.01171875,-0.07421875
