timestamp,fused_x_m,fused_y_m,fused_heading_deg,fused_speed_mph
2026-09-04 06:32:22.370453,0.0,0.0,0.0,6.2
2026-09-04 06:32:22.527805,0.4540165487794464,0.0,0.15847744039352102,6.540555130781991
2026-09-04 06:32:22.556358,0.5375020539046647,0.00023091758267166837,0.18723466213557835,6.564257349473272
2026-09-04 06:32:22.687070,0.9577006112210211,0.0015485701055069684,359.83617625908647,6.990007013418113
2026-09-04 06:32:22.784940,1.263524783502715,0.0006741357767725249,359.50760958285923,7.084933239958244
2026-09-04 06:32:22.880793,1.6150911711354479,-0.002030338498578211,359.2179938532713,7.515189928050729
2026-09-04 06:32:22.981866,1.954623435157789,-0.006664760232467665,358.92391677438286,7.571713393512432
2026-09-04 06:32:23.081875,2.389641451382624,-0.013814237112345262,358.7784261162321,8.221291046220164
2026-09-04 06:32:23.183412,2.762730087103087,-0.02176987375231722,358.6988880479685,8.262103791584115
2026-09-04 06:32:23.283504,3.2330412146710508,-0.031547389153609086,358.7660933115977,8.83168330544542
2026-09-04 06:32:23.382378,3.623316686869483,-0.03995355765575498,358.50054348799256,8.830819341230809
2026-09-04 06:32:23.483906,4.13426706272862,-0.052393685057312914,358.27331200742987,9.46372080538628
2026-09-04 06:32:23.607548,4.657117026097415,-0.06815526764774356,358.2318032294774,9.472363907793223
2026-09-04 06:32:23.683341,4.977911600167131,-0.07805840672436604,358.29117497384544,9.512763090822146
2026-09-04 06:32:23.782559,5.3996569969038575,-0.0906405350602317,358.3799995465287,9.516230971213163
2026-09-04 06:32:23.887696,5.995890808453833,-0.10698125875580107,358.1564561460548,10.232338224767094
2026-09-04 06:32:23.983924,6.435835297667866,-0.12114176018984207,358.03800294101404,10.286993044525953
2026-09-04 06:32:24.083246,7.005305836456863,-0.13989393915583234,357.8490528745735,10.927455529350203
2026-09-04 06:32:24.183341,7.493926367077094,-0.1582459181102841,357.5914249758268,10.975560363719051
2026-09-04 06:32:24.287467,8.107136845780271,-0.18297979861896016,357.2302035100749,11.53913563849125
2026-09-04 06:32:24.394575,8.65900319282585,-0.20967896078604611,356.85863724656963,11.518545548678258
2026-09-04 06:32:24.486790,9.241450507414708,-0.23986222266715973,356.5800135779943,12.037182274428385
2026-09-04 06:32:24.583653,9.761751918284132,-0.2709559628016873,356.30902524347397,11.966085343784595
2026-09-04 06:32:24.682008,10.405240345005772,-0.3103262168614802,356.2319797654309,12.598450640517974
2026-09-04 06:32:24.793198,11.030109985086826,-0.3514797145007632,356.0577804526636,12.639257077022537
2026-09-04 06:32:24.890233,11.691017531058746,-0.3953175681605027,355.8948987349375,13.236095832647363
2026-09-04 06:32:24.979010,12.214969046045429,-0.43292176917211755,355.7359441281302,13.322202562120676
2026-09-04 06:32:25.079664,12.912460294422932,-0.48352087979702535,355.55572383465807,13.93098105632238
2026-09-04 06:32:25.180297,13.537288589948814,-0.5320845300043869,355.55572383465807,13.998689806168592
2026-09-04 06:32:25.279888,14.252481663598548,-0.5866235680506086,355.4331308976417,14.584639056792055
2026-09-04 06:32:25.379921,14.90261782475294,-0.6385539286527663,355.2540225003907,14.630091819687992
2026-09-04 06:32:25.479749,15.66033792520161,-0.7002720675896387,355.2316798321203,15.1519241933037
2026-09-04 06:32:25.580043,16.337329734103132,-0.7567437155814017,355.164338938638,15.1650697766128
2026-09-04 06:32:25.679546,17.110254030436362,-0.8212904087133178,355.22001376235767,15.81115372439453
2026-09-04 06:32:25.779740,17.8159840049946,-0.8803039636915807,355.2984998040134,15.896077070879185
2026-09-04 06:32:25.889312,18.683684496921966,-0.9513374811773322,355.48242597059954,16.516426349013702
2026-09-04 06:32:25.979247,19.34565684957551,-1.0036401410370124,355.0496632264357,16.59579769826377
2026-09-04 06:32:26.088233,20.23696192310866,-1.0803092988024092,355.0496632264357,17.16453334083168
2026-09-04 06:32:26.179167,20.93211696366636,-1.1405203668187647,354.8156142195459,17.216975900501957
2026-09-04 06:32:26.287382,21.851070649407063,-1.2232517854993854,354.5128670134908,17.72293874997066
2026-09-04 06:32:26.379083,22.57427586660902,-1.2927246137844874,354.46155763578446,17.710919455346577
2026-09-04 06:32:26.487616,23.53089363126458,-1.3845937059164182,354.70446712163965,18.304791773989074
2026-09-04 06:32:26.586214,24.334274901258752,-1.4590579580284881,354.2631195225435,18.396977893379955
2026-09-04 06:32:26.687764,25.26326913555376,-1.5514965074171811,353.8994703719464,18.93619882069116
2026-09-04 06:32:26.785341,26.08460395451357,-1.6392795571984395,353.7793565964522,19.033398753163645
2026-09-04 06:32:26.884733,27.016604430359603,-1.739796766910788,354.19089069477735,19.59558800672604
2026-09-04 06:32:26.985218,27.892333793627987,-1.8288907804886356,354.1571561260018,19.523588629572988
2026-09-04 06:32:27.073387,28.65785962175293,-1.9072284434317932,354.5715543418676,19.584452092224538
2026-09-04 06:32:27.175925,29.65823164656237,-2.002623594882463,354.2502655725084,20.237587887241727
2026-09-04 06:32:27.286695,30.655327316180472,-2.103021180862853,354.113911688791,20.141764614296353
2026-09-04 06:32:27.388106,31.563635439053044,-2.1966628033370346,354.5565024496344,19.960993563327758
2026-09-04 06:32:27.507815,32.77971515917166,-2.3130534562131517,354.8646135254232,20.678043323316636
2026-09-04 06:32:27.592805,33.562201701112656,-2.3833756677537563,354.7980373963104,20.533970120974566
2026-09-04 06:32:27.692070,34.63663391763912,-2.482045070168412,354.87579571442285,21.06248023049074
2026-09-04 06:32:27.793173,35.5847920377765,-2.5670696778137723,355.13601803768563,20.81158290446846
2026-09-04 06:32:27.893860,36.518171182170114,-2.6464974636067695,355.9360077853032,20.53796315532688
2026-09-04 06:32:27.993530,37.43096946112358,-2.7113510840963375,356.1925418046657,20.402099683937298
2026-09-04 06:32:28.091995,38.596813413108876,-2.7939782993918136,356.51208719326513,21.428852665870696
2026-09-04 06:32:28.201011,39.639203654689965,-2.8575128939783117,357.06106580942316,21.243098524742386
2026-09-04 06:32:28.299423,40.57254546854641,-2.9054298337418656,356.7527052955631,21.203541871534615
2026-09-04 06:32:28.401905,41.54239531636168,-2.960455958888371,356.5118703197872,20.923253177430063
2026-09-04 06:32:28.502142,42.47822829453987,-3.017499350746306,356.1753572113271,20.74807834687799
2026-09-04 06:32:28.591657,43.30665057645877,-3.0728809827133525,355.9950467217645,20.44615494866418
2026-09-04 06:32:28.691590,44.21783255186162,-3.1366761916171426,356.12924373271954,20.18942891813559
2026-09-04 06:32:28.791541,45.11788070701629,-3.197573816069275,356.0845033385155,19.937896896392573
2026-09-04 06:32:28.899684,46.07951346359755,-3.263392664794479,356.14501249363155,19.729061391250415
2026-09-04 06:32:28.999448,46.95740915269374,-3.322548731170779,356.26781838742215,19.52594572346901
2026-09-04 06:32:29.090740,47.75259594930477,-3.3744196753285345,356.5743015692566,19.35124669625668
2026-09-04 06:32:29.199181,48.689019062584435,-3.4304749596658364,356.2587869163648,19.09351011228209
2026-09-04 06:32:29.298127,49.5317790493956,-3.4855825673971665,356.41380378120033,18.83499669975189
2026-09-04 06:32:29.412551,50.493342176302114,-3.5458464169518753,357.4125712762206,18.67202267897075
2026-09-04 06:32:29.529072,51.464967810530716,-3.589754056815325,358.06454017511163,18.431735910728538
2026-09-04 06:32:29.598206,52.03428785614875,-3.6089930897854643,358.4281555301513,18.365285446284638
2026-09-04 06:32:29.711342,52.96278685120684,-3.6344717946799263,359.28907475114244,18.174488341998668
2026-09-04 06:32:29.815672,53.810373979151606,-3.644989183926741,0.2230854818611422,18.004011864082823
2026-09-04 06:32:29.914366,54.6047079458761,-3.6418963684924153,0.3114409453496445,17.737532931129394
2026-09-04 06:32:30.015307,55.405096346447756,-3.6375456784882942,0.1420026656671237,17.4085373347482
2026-09-04 06:32:30.108959,58.16919738453076,-3.7207811815970864,0.22584429602586095,20.89546307989092
2026-09-04 06:32:30.196186,58.98398786610452,-3.7175694836793713,0.33321759398575146,20.6607078356734
2026-09-04 06:32:30.317920,60.108323897747105,-3.7110305592693345,0.9189955435942655,20.512851362399196
2026-09-04 06:32:30.408413,60.93804385580149,-3.697721126250456,1.0000090900860992,20.338890594067504
2026-09-04 06:32:30.515328,61.90999880048901,-3.6807554353341208,1.059831143471267,20.223046479167273
2026-09-04 06:32:30.614626,62.80754985726015,-3.664151052271418,1.0042710232164815,20.1892073826938
2026-09-04 06:32:30.715035,64.18800631772027,-3.6574949609701046,0.9143802118863397,20.972840810289696
2026-09-04 06:32:30.804422,65.02596518207609,-3.644120885855253,0.9243831373616052,20.827562441044215
2026-09-04 06:32:30.912189,66.02922657198,-3.627933334314371,0.9123233829264754,20.6787783382514
2026-09-04 06:32:31.016560,66.99393494587056,-3.6125709392895264,0.8188856047458518,20.58301863449167
2026-09-04 06:32:31.116595,67.9143062516567,-3.59941586676029,0.7853021088263721,20.630220524283413
2026-09-04 06:32:31.244207,69.09110168928841,-3.583285572000913,0.513972125839564,20.58115710154719
2026-09-04 06:32:31.308797,69.68534456353294,-3.5779547698250034,0.7886360069967896,20.437802165467648
2026-09-04 06:32:31.413643,70.64318088262276,-3.5647699955876027,0.7769031294600148,20.14646718285983
2026-09-04 06:32:31.526812,71.89329850918435,-3.5512568369601625,1.004859983543781,20.725132906318933
2026-09-04 06:32:31.607166,72.63766088718309,-3.5382007851538906,0.5552559730951271,20.68511116259913
2026-09-04 06:32:31.724073,73.71865758087205,-3.5277244696671226,0.6729991357119693,20.504299086568462
2026-09-04 06:32:31.813961,74.54253589111985,-3.518046708113973,0.6729991357119693,20.421041995480415
2026-09-04 06:32:31.923561,75.54300774820362,-3.5062945743909943,1.0900049809806216,20.240996585673688
2026-09-04 06:32:32.013397,76.35574485388496,-3.490831055268402,1.4418659725661769,20.260621332620268
2026-09-04 06:32:32.122119,77.41127748498704,-3.465566829697216,1.8311979563300103,20.35151413533386
2026-09-04 06:32:32.212773,78.23562101735936,-3.4392114786337706,1.526856651878118,20.333294970801603
2026-09-04 06:32:32.312023,79.13746297141816,-3.4151728941757336,1.3380435581604457,20.243101000463376
2026-09-04 06:32:32.411937,80.04138575914148,-3.394059506831999,1.3268626001247619,20.151430564792076
2026-09-04 06:32:32.512586,80.947838705665,-3.373064006310768,1.6534956556992824,20.118890018574174
2026-09-04 06:32:32.612580,81.80042073319291,-3.3478157815313456,1.2394689671536716,20.021557646040858
2026-09-04 06:32:32.712500,82.69453915625716,-3.3284704657602644,1.1388343019182718,20.042512146756675
2026-09-04 06:32:32.820456,83.66161276179156,-3.309245984265272,1.2596433482681608,20.005722548790054
2026-09-04 06:32:32.911581,84.47637933548747,-3.2913305167098152,1.4941839574224212,19.927689735031777
2026-09-04 06:32:33.020580,85.44706397135667,-3.2660108455857255,1.4209982229949236,19.95816771239398
2026-09-04 06:32:33.119094,86.32574535592522,-3.244214113558781,1.4320225128835014,19.867781767484132
2026-09-04 06:32:33.219516,87.1105721723299,-3.2240167055739053,1.2859310323885484,19.57100803467339
2026-09-04 06:32:33.321381,88.00156699068627,-3.2040160996668967,1.4569203267274196,19.54163474558013
2026-09-04 06:32:33.785946,91.9013160713106,-3.1042960137391327,1.0930076379257287,19.06142282159705
2026-09-04 06:32:33.885548,92.74989204358562,-3.0881061206263487,1.0149853339854276,19.066644774610204
2026-09-04 06:32:33.986828,93.61302202981916,-3.072814314892578,0.9356485842909065,19.071954702133468
2026-09-04 06:32:34.087926,94.4748612325479,-3.0587391015972227,0.8564544026102519,19.077255087725362
2026-09-04 06:32:34.187658,95.32531023911712,-3.0460256861195742,0.7783302643743317,19.08248385640378
2026-09-04 06:32:34.287917,96.1805041181686,-3.034407653681401,0.6997933055707871,19.087740254740616
2026-09-04 06:32:34.388013,96.84370869084182,-3.027441438615796,0.6213840313071339,18.514492807371756
2026-09-04 06:32:34.488814,97.67796116502817,-3.0183934512248185,0.5424225018249319,18.519777621789927
2026-09-04 06:32:34.587555,98.49540930702112,-3.0106543905608882,0.4650746542579224,18.52495443412775
2026-09-04 06:32:34.687861,99.32605561193765,-3.003911816659146,0.3865008784398078,18.530213296589718
2026-09-04 06:32:34.788215,99.98306447624272,-3.000780906612257,0.3078895022663878,17.98848719702923
2026-09-04 06:32:34.887948,100.78506312822829,-2.996471176564088,0.22976458068973216,17.993716018135842
2026-09-04 06:32:34.987128,101.43964770284964,-2.994984060100829,0.1520728465398249,17.513369122675318
2026-09-04 06:32:35.087139,102.2226487190679,-2.992905835945378,0.07373015623869181,17.518612518819957
2026-09-04 06:32:35.189336,102.89068881516101,-2.9931163761870745,359.99367508308967,17.023776558938096
2026-09-04 06:32:35.288506,103.64540316132276,-2.993199689575782,359.9159911823471,17.02897586297129
2026-09-04 06:32:35.388709,104.27391565949704,-2.9951972898497985,359.83749809062476,16.472772719248336
2026-09-04 06:32:35.488811,105.0110626531341,-2.997287986863889,359.7590841163167,16.478020886358664
2026-09-04 06:32:35.589406,105.57805655075293,-3.001014812639585,359.680283955026,15.693606862053626
2026-09-04 06:32:35.688570,106.27374762060714,-3.0048968770406166,359.6026047543279,15.698805851517657
2026-09-04 06:32:37.723897,106.26818619547286,-3.010053221237118,359.6026047543279,12.28002677163183
2026-09-04 06:32:37.810291,106.7424487475208,-3.013342690500368,359.6702806938333,12.258134278090983
2026-09-04 06:32:37.909584,107.28655310019008,-3.0164738755820015,359.7369494809645,12.22429688553383
2026-09-04 06:32:37.999622,107.77858304625886,-3.018732848985906,359.7974041379465,12.201480991682049
2026-09-04 06:32:38.127583,108.47654836343973,-3.021200840095426,359.8690020407031,12.223843538937329
2026-09-04 06:32:38.201398,108.87991284712834,-3.022123072356453,359.8607417126469,12.248998455513586
2026-09-04 06:32:38.324717,109.55518007947349,-3.0237643231475646,359.7917411439577,12.297488899251844
2026-09-04 06:32:38.397685,109.95631677950887,-3.0252223823429083,359.8407344069207,12.326180752889103
2026-09-04 06:32:38.500191,110.52115298308037,-3.026792466656578,359.8407344069207,12.322597949896082
2026-09-04 06:32:38.621809,111.19110676447661,-3.0286547479983246,359.9360027404945,12.439495172460058
2026-09-04 06:32:38.697492,111.61197602624185,-3.029124843541019,359.96141084487465,12.597550773259202
2026-09-04 06:32:38.794789,110.95632793804299,-3.026772970446896,0.026739447913150905,9.31434858170098
2026-09-04 06:32:39.024078,111.91106118054049,-3.026327404615013,0.026739447913150905,10.11776599995494
2026-09-04 06:32:39.121865,112.35335624258911,-3.026120989295542,0.278426938144895,10.390340645470442
2026-09-04 06:32:39.222177,112.29493659167294,-3.0235414316606053,0.09881899331626018,9.06942998573566
2026-09-04 06:32:39.321365,112.69708362047116,-3.0228478412374944,0.17651699419205172,9.32684224890003
2026-09-04 06:32:39.422241,112.93228517254208,-3.021571572239381,0.5264639486432479,8.961193132245587
2026-09-04 06:32:39.506998,113.27180837947775,-3.018451765504195,0.8963712083764949,9.204853628579807
2026-09-04 06:32:39.607232,113.6007081288858,-3.0122565587600603,0.9861053515595306,9.208263710776468
2026-09-04 06:32:39.712340,114.0333171590646,-3.004810282447184,0.7155748237462409,9.56278043467142
2026-09-04 06:32:39.806544,114.38921626091718,-3.000070878814483,0.4836513559893875,9.63282066788431
2026-09-04 06:32:39.915496,114.8583747655184,-2.996110473030165,0.5568055329758251,9.913668368873036
2026-09-04 06:32:40.011484,115.26187883539659,-2.992131190630703,358.93482154885635,10.07170747100659
2026-09-04 06:32:40.111160,22.122412194151863,-0.5025418103262105,44.495007220721874,9.696944556191465
2026-09-04 06:32:40.211868,22.44894408322953,-0.19004577447483226,44.95123786924325,10.144883056766625
2026-09-04 06:32:40.310985,22.767067674541032,0.12753679279310012,44.09717164872399,10.422897162397554
2026-09-04 06:32:40.411603,23.118606094354167,0.4648383383831649,43.834338177420484,10.884988714825475
2026-09-04 06:32:40.511678,23.469877796432222,0.8021001433845689,43.63275662971367,11.105352279886768
2026-09-04 06:32:40.611438,23.84887951267323,1.1612954813102982,45.42443465925575,11.436000933755146
2026-09-04 06:32:40.702961,24.17727312917344,1.4945908352917252,45.68048356689129,11.555160843592631
2026-09-04 06:32:40.811534,24.59715838142924,1.9217629072231193,45.72132990229939,11.944979205455397
2026-09-04 06:32:40.907843,24.95620153726611,2.289962225414908,45.333338550251504,12.04428224251584
2026-09-04 06:32:41.019735,25.42383564430234,2.7609707820631852,45.049477434272404,12.333763570499706
2026-09-04 06:32:41.118510,25.80860341538244,3.146403655556841,44.872621477353505,12.257810845352068
2026-09-04 06:32:41.219327,26.25980638729826,3.594596563378113,44.63916277010008,12.824790607891488
2026-09-04 06:32:41.319093,26.666794922382646,3.9964908507132826,44.505190018407056,12.867506776327199
2026-09-04 06:32:41.416209,27.06520926824554,4.388082485264957,44.62473631949128,12.9133313250253
2026-09-04 06:32:41.520108,27.593428451161323,4.909070797864242,44.825324098772384,13.743872579507352
2026-09-04 06:32:41.618691,28.023026726242485,5.336057619909095,44.726035996261366,13.834321831461875
2026-09-04 06:32:41.718638,28.54489679490559,5.852672883125875,44.38087151458419,14.4783704637722
2026-09-04 06:32:41.818992,29.00912157839771,6.306971868072942,44.38087151458419,14.566937010529758
2026-09-04 06:32:41.915562,29.45857472315107,6.746815053321978,43.67843309116116,14.678322806543537
2026-09-04 06:32:42.020162,29.954971812133866,7.220825059041033,43.91254006526539,14.746872670649658
2026-09-04 06:32:42.119525,30.517053000402456,7.763156941479354,44.04670154721481,15.436844411849549
2026-09-04 06:32:42.232383,31.076848272808526,8.30462744622809,43.51626393483186,15.478262999951284
2026-09-04 06:32:42.330227,31.647461111614415,8.848071759128096,43.13346799339365,16.002224665769834
2026-09-04 06:32:42.414535,32.08758748677674,9.260417220826477,42.9164732095629,15.950656643333362
2026-09-04 06:32:42.512485,32.59908837115321,9.736007301484207,43.026084959627475,16.002010059694314
2026-09-04 06:32:42.613742,33.216746233623766,10.314366311366982,42.91304520850617,16.56660374087646
2026-09-04 06:32:42.718526,33.785096408266675,10.842751081516042,44.496047024262694,16.583084648625206
2026-09-04 06:32:42.818582,34.397094425225326,11.441852864432603,44.630582987192106,17.109769698598605
2026-09-04 06:32:42.919762,34.94784173078086,11.985543635442433,44.256936170693265,17.0726369056718
2026-09-04 06:32:43.018364,35.57321713117155,12.593972302337832,44.48877610371754,17.586235951310726
2026-09-04 06:32:43.114331,36.111445816167326,13.12268094350763,44.4995153694842,17.540953562570348
2026-09-04 06:32:43.212311,36.65944849570572,13.66119256551253,44.2144375327772,17.372291537080457
2026-09-04 06:32:43.308899,37.19708063901998,14.184280632299169,44.41980395910645,17.25075711063092
2026-09-04 06:32:43.408639,37.88587168458355,14.858158128346066,44.69893207100445,18.117505616319217
2026-09-04 06:32:43.509460,38.46630308322402,15.432521456013067,44.326611002747576,18.113100730500836
2026-09-04 06:32:43.608260,39.03860580229526,15.991527455359039,44.448230247229645,18.006049348074207
2026-09-04 06:32:43.710083,39.62371649219165,16.56547583085113,44.48241400596418,17.977577902565976
2026-09-04 06:32:43.810996,40.355583857470904,17.283501049293427,44.48246133868138,18.81902287590337
2026-09-04 06:32:43.910585,40.95334472495417,17.870559445179786,44.30414792037112,18.830335630704393
2026-09-04 06:32:44.010523,41.555392593647454,18.45815844938928,44.21467877016833,18.78841907961277
2026-09-04 06:32:44.111024,15.50075918035305,32.00369305335444,108.52985135589199,18.28338708274286
2026-09-04 06:32:44.210747,15.302103964270346,32.88669830593157,108.77350747778344,19.270263383082433
2026-09-04 06:32:44.310946,15.024311041187095,33.70394812193363,108.45954764434579,19.2010955565876
2026-09-04 06:32:44.411230,14.751750483492192,34.520461114793136,108.75132908725583,19.07753939410773
2026-09-04 06:32:44.512005,14.475469862125621,35.334295556872284,108.83027024987891,18.91991643076832
2026-09-04 06:32:44.611777,14.203098301016906,36.132998342532666,108.93075585656291,18.829248090127663
2026-09-04 06:32:44.711473,13.930845907906706,36.92679182914363,108.79687710575816,18.733421933631604
2026-09-04 06:32:44.811745,13.617329860551067,37.9976057350053,108.81894635612825,19.894021553579176
2026-09-04 06:32:44.910947,13.332736279664063,38.83268861578321,108.86335148049744,19.700718399079577
2026-09-04 06:32:45.011157,13.047396971948485,39.66783930007938,109.4352696705664,19.60352255600625
2026-09-04 06:32:45.111161,11.877346033951255,38.38936903898229,114.81272855540169,19.448932359260727
2026-09-04 06:32:45.212240,11.5085432552453,39.18706592661726,114.40552073605306,19.27846866508627
2026-09-04 06:32:45.311063,11.15663533427867,39.962643981128046,114.60458037421473,19.252563107837478
2026-09-04 06:32:45.411083,10.717255579256268,41.034036557026106,113.84611991870213,20.367136278265537
2026-09-04 06:32:45.510834,10.350076736107903,41.86473081750155,114.09169970121894,20.300020963151116
2026-09-04 06:32:45.611099,9.978658407467176,42.69536970409833,114.18146159704517,20.331561240587142
2026-09-04 06:32:45.711570,9.604593164248096,43.528423401771896,113.94535251592674,20.242891436500816
2026-09-04 06:32:45.810684,9.240564415326604,44.34814859509797,113.31314081325566,20.094794946952902
2026-09-04 06:32:45.917331,8.861418600805019,45.227959829787586,113.28927197342077,19.917736808279628
2026-09-04 06:32:46.016134,8.513590959774705,46.036023020906015,113.28927197342077,19.773558391289537
2026-09-04 06:32:46.110565,11.859424916127528,46.67488863285966,100.89648286591283,19.568217080746347
2026-09-04 06:32:46.218181,11.570436365965856,47.94998224994864,100.82691983252593,21.129767375635176
2026-09-04 06:32:46.317446,11.394306977639664,48.870933794049414,100.90467815063836,21.073387624592204
2026-09-04 06:32:46.417367,11.21623209194146,49.79525711332026,100.60277113347503,20.989568782877818
2026-09-04 06:32:46.517588,11.04320112419083,50.71959266033215,100.38968018415271,20.86258730296271
2026-09-04 06:32:46.617138,10.875763649519458,51.632814078004735,100.4119606327876,20.760812381395287
2026-09-04 06:32:46.718038,10.706525276992549,52.55383854753605,100.42325192996117,20.632088931032904
2026-09-04 06:32:46.817543,10.540483659925593,53.456464941124146,100.79071315229481,20.579920256249885
2026-09-04 06:32:46.917864,10.367685533222733,54.3631028084845,100.75703364118232,20.530830199990938
2026-09-04 06:32:47.017809,10.196475389672166,55.264288889521495,100.73466478695015,20.56576310588303
2026-09-04 06:32:47.117902,14.520864488826524,56.30744869257286,85.72801717848603,20.26473193038968
2026-09-04 06:32:47.217976,14.502534778109064,57.661081307618474,85.78304617208823,21.88033113317423
2026-09-04 06:32:47.442160,14.663780774916104,59.8479744147502,85.3565587705567,21.758877655856764
2026-09-04 06:32:47.535196,14.73704225899505,60.74997353245788,85.65848559505005,21.701158093569273
2026-09-04 06:32:47.641614,14.81519556017296,61.779402554811504,85.92047905171589,21.682560414949908
2026-09-04 06:32:47.734805,14.879456999016748,62.68041158189652,85.84747874523107,21.628001914522095
2026-09-04 06:32:47.841223,14.953962243127775,63.70662166613755,87.3956218982565,21.574068646525944
2026-09-04 06:32:47.940355,14.997405677239042,64.66170989942441,87.20703328761246,21.535955026939327
2026-09-04 06:32:48.040553,15.044410312836744,65.62521358292199,87.46492629124526,21.536830560308825
2026-09-04 06:32:48.140219,18.376730731759658,66.12456374444702,76.52405605406064,21.294153721812723
2026-09-04 06:32:48.234426,18.585715669220047,66.99666155266672,76.42917525033934,21.252994530940544
2026-09-04 06:32:48.341900,18.825314791423224,67.98925683819964,76.12850109958792,21.193830519470655
2026-09-04 06:32:48.660093,19.60901764881466,71.52424077916963,77.18118325111254,22.793279743776722
2026-09-04 06:32:48.745009,19.800990072383932,72.36792794364625,77.23819881845395,22.753953809576203
2026-09-04 06:32:48.846989,20.030135227505042,73.37963570700285,77.10125295295214,22.683556550662015
2026-09-04 06:32:48.947679,20.258061347704007,74.3749134224215,77.13505634380665,22.599092632444403
2026-09-04 06:32:49.046823,20.48107614371801,75.35139224240596,77.58994275655245,22.68052703987998
2026-09-04 06:32:49.143875,22.196725041956505,75.80358874751714,72.26443816761115,22.660133857759032
2026-09-04 06:32:49.243786,22.505034390569808,76.76758345430035,71.8954776311097,22.695927905481273
2026-09-04 06:32:49.344466,22.822466388543493,77.73850835221718,71.61381068377683,22.66513682694244
2026-09-04 06:32:49.443294,23.13831166689271,78.68873895509749,71.43685983072312,22.57878060043027
2026-09-04 06:32:49.545272,23.465997418171693,79.6645135650747,71.4596836940168,22.49680059025221
2026-09-04 06:32:49.645492,23.78648428676471,80.62011271807576,71.57183570618089,22.49504913903979
2026-09-04 06:32:49.745418,24.10414062535142,81.57345801190787,71.46001269712572,22.476712849921366
2026-09-04 06:32:49.845623,24.424287920089476,82.52806283653558,71.42637212923837,22.433808717670896
2026-09-04 06:32:49.945735,24.74408638995374,83.47977360962733,71.5159970523417,22.473173903112915
2026-09-04 06:32:50.164214,25.511406012159558,85.4411552239872,71.44856405003554,22.478669725349288
2026-09-04 06:32:50.263457,25.828696320590662,86.38661446871335,71.43745818080465,22.35639614000178
2026-09-04 06:32:50.363554,26.14716002003249,87.33496069535764,72.33357312485481,22.44735982613725
2026-09-04 06:32:50.462977,26.449935798643363,88.28560544669854,72.78973962826828,22.60286811573382
2026-09-04 06:32:50.564331,26.752951503531616,89.26387083249374,72.52887127271029,22.578955983290417
2026-09-04 06:32:50.662635,27.050850164781806,90.21034741263463,72.04483652738378,22.5506095265975
2026-09-04 06:32:50.763779,27.528466224685445,91.70006534419862,72.00553611354506,23.764161708531297
2026-09-04 06:32:50.863324,27.855160502964477,92.70585761122165,71.7381841586249,23.87375996525888
2026-09-04 06:32:50.965202,28.195875063813858,93.73839102068965,71.63557748904071,23.943196599844153
2026-09-04 06:32:51.064899,28.532079598849826,94.75115836320673,71.53516741878477,24.00504864852828
2026-09-04 06:32:51.261285,28.24085787599263,96.48530834763825,74.22500948935634,23.837636036921417
2026-09-04 06:32:51.361501,28.531188126811138,97.51302573733862,75.06611600884116,23.925205102329436
2026-09-04 06:32:51.461265,28.80616583599232,98.54401385223072,74.59722077800443,23.979253048262684
2026-09-04 06:32:51.562600,29.09468475103844,99.5912767470735,74.49516099215946,24.017328194292684
2026-09-04 06:32:51.662362,29.381015036998047,100.62341189359333,75.04219446136536,23.929284111967835
2026-09-04 06:32:51.762665,29.657958339262994,101.66003136673233,75.8054597405256,23.858291592073083
2026-09-04 06:32:51.862482,29.919016505358975,102.69213674489134,75.91716077223766,23.787643053561432
2026-09-04 06:32:52.062287,29.209978461885623,105.86756965443675,79.76575608256617,23.85785642407352
2026-09-04 06:32:52.162703,29.47789724882156,107.19492786312183,79.90663461150164,24.487902421094784
2026-09-04 06:32:52.262332,29.66903590030403,108.26869428745539,79.97352900076464,24.48877298252385
2026-09-04 06:32:52.362532,29.860015839487815,109.34887685191163,79.89503825906449,24.409973406423276
2026-09-04 06:32:52.462200,30.05083751866368,110.4196065697249,80.30771513961696,24.477032876772686
2026-09-04 06:32:52.562313,30.235265113698002,111.49942791575062,79.99402477539233,24.448164785760135
2026-09-04 06:32:52.661785,30.424160134705424,112.570051901876,79.81592084477592,24.368199346425847
2026-09-04 06:32:52.762057,30.61729443239827,113.64516120348854,80.14133043402735,24.38221822616815
2026-09-04 06:32:52.861650,30.803160008101084,114.7146774921405,80.25278079670404,24.3195604522553
2026-09-04 06:32:52.969123,31.000976602721213,115.86623712159296,79.72359921523761,24.382480323449713
2026-09-04 06:32:53.065513,31.188408577366836,116.90002889800988,79.76674562295064,24.43217360103673
2026-09-04 06:32:53.165734,29.351707860099594,118.5262273828037,86.21222336876083,24.310685162866736
2026-09-04 06:32:53.265823,29.423565884626306,119.61160338810716,86.01061362078754,24.13751813992136
2026-09-04 06:32:53.368012,29.56125480826765,121.05364975515126,86.600373026504,24.95811630073291
2026-09-04 06:32:53.466778,29.626600871406673,122.15367009432005,86.79931784929502,24.91582829588435
2026-09-04 06:32:53.568041,29.689575630947495,123.2798156266617,86.59534330754698,24.81672628599709
2026-09-04 06:32:53.666768,29.754621825693796,124.37316663668253,86.6505839366875,24.73563439195517
2026-09-04 06:32:53.767657,29.81980152238058,125.48687314562446,86.93283559192653,24.649240399667008
2026-09-04 06:32:53.867980,29.8789518853209,126.59076838861101,87.14614341472678,24.629954635948994
2026-09-04 06:32:53.967695,29.933615759725733,127.68732620351679,87.39163456783466,24.617756255351065
2026-09-04 06:32:54.068090,28.13378710340565,129.28390516310174,93.34371392794992,24.676312259052327
2026-09-04 06:32:54.167637,28.069737749169413,130.3801683951649,93.1543358217503,24.68327101833561
2026-09-04 06:32:54.267892,28.008865264700976,131.48474707078122,93.07580199630969,24.665750389588744
2026-09-04 06:32:54.368537,27.949318242606992,132.59291820685976,93.04201371274078,24.598033565800606
2026-09-04 06:32:54.468302,27.891099950689767,133.68841870817423,91.47901394313693,24.517832584065193
2026-09-04 06:32:54.568666,27.862707176759365,134.78808701939673,91.36670078659297,24.376638178922473
2026-09-04 06:32:54.672378,27.835750966727936,135.91794963590107,91.32027688124249,24.302326596066354
2026-09-04 06:32:54.772171,27.810770631196277,137.00182414694785,91.20860270692708,24.229079060890534
2026-09-04 06:32:54.871657,27.78804196326641,138.07915384514166,91.29766720568706,24.225601813328794
2026-09-04 06:32:54.972389,27.76333655796166,139.16978278879316,91.06094476877271,24.051322316527614
2026-09-04 06:32:55.182996,27.72140862335013,141.43382065050912,90.42460474851956,24.069725224404984
2026-09-04 06:32:55.278595,27.713785567432556,142.46245006855452,90.08226604691511,24.028793213636934
2026-09-04 06:32:55.379113,27.712235252141554,143.54219639622508,90.66719060274518,24.092911270046873
2026-09-04 06:32:55.474011,27.70033351926739,144.5642255391996,91.13445469435891,24.23636664107072
2026-09-04 06:32:55.572248,27.679260578976482,145.62837800043712,90.5188303436685,24.140226055217106
2026-09-04 06:32:55.669584,27.669748881866074,146.67875065339967,90.67132485133568,24.004142035889977
2026-09-04 06:32:55.763806,27.65142091664733,148.74169757473922,90.85955507666286,25.557234897215586
2026-09-04 06:32:55.864025,27.634244004255248,149.88658145485664,90.72497400493579,25.404860162152726
2026-09-04 06:32:55.971182,27.61884573345401,151.10346487170574,90.83289743190367,25.33744358589557
2026-09-04 06:32:56.064275,22.706495656162417,151.9475576383409,102.26606785972629,25.218124604157442
2026-09-04 06:32:56.171114,22.450608064038512,153.12451249731808,102.7084363756125,25.196652663377535
2026-09-04 06:32:56.263170,22.222498254517365,154.13602107581502,102.60542035454107,25.174934179013718
2026-09-04 06:32:56.370886,21.957940513662056,155.31905864734446,102.44871774044263,25.11281326981096
2026-09-04 06:32:56.469535,21.719206611836828,156.40049744241819,102.00714185347496,25.01540747803338
2026-09-04 06:32:56.676905,21.236777610306248,158.66875714626244,102.98179006343662,24.85413896389035
2026-09-04 06:32:56.774240,20.993834901201158,159.72258558928485,103.36302241590089,24.870298775162833
2026-09-04 06:32:56.874930,20.735102189311963,160.81174938966774,103.61091394883408,24.98995599263778
2026-09-04 06:32:56.981747,20.454284490600543,161.97154395598793,103.53919328539367,25.08235966282109
2026-09-04 06:32:57.080417,20.195271990932568,163.04716673115175,103.79315347091082,24.99010622562867
2026-09-04 06:32:57.180497,19.92870906280527,164.13297666681257,103.42356883565479,24.983984709656944
2026-09-04 06:32:57.281932,19.665705917283702,165.23493739506216,103.9797760082145,25.047801356377594
2026-09-04 06:32:57.392586,19.36638091589044,166.43727221104243,103.81879926325136,25.016860612819972
2026-09-04 06:32:57.471053,19.156778987283815,167.2894113269411,104.07344576715866,25.052514266575788
2026-09-04 06:32:57.590717,18.830894897278156,168.58935984919083,103.0021579297128,25.219814731858538
2026-09-04 06:32:57.687967,18.584213293984167,169.6576716913017,103.2524632711696,25.078752305957053
2026-09-04 06:32:57.780813,18.34559147654988,170.67086706819157,103.08622314789862,25.00979254075148
2026-09-04 06:32:57.891588,18.0651724552112,171.8772099358323,102.75152123512487,24.96913840815149
2026-09-04 06:32:57.979057,17.84966993975204,172.82947655790372,102.96686361762693,24.968374101196297
2026-09-04 06:32:58.074046,17.611762171038386,173.86269418353527,103.16883023325816,24.87292215093737
2026-09-04 06:32:58.173695,17.164543087129324,175.89490215924394,103.57887093128,26.264259462182252
2026-09-04 06:32:58.274724,16.886042909115485,177.04794422772963,103.4092849359159,26.35165613494923
2026-09-04 06:32:58.374160,16.614393308348763,178.18739079710312,103.08658839134907,26.29604813566505
2026-09-04 06:32:58.591947,16.034711101962426,180.6810707158776,104.32954165809437,26.25608450859868
2026-09-04 06:32:58.690388,15.748738046410741,181.80057575282612,103.80076786143368,26.18382933428542
2026-09-04 06:32:58.913331,15.126227970133062,184.33483617792868,103.5512816705746,25.634469884487864
2026-09-04 06:32:59.011741,14.861980332742064,185.4311830153327,103.0557123448232,25.353279390488446
2026-09-04 06:32:59.111662,6.52570336960474,184.12979814355745,118.12111880502478,25.147779596719584
2026-09-04 06:32:59.205211,6.030005893495647,185.05733402019578,118.14205616001568,25.03252137562919
2026-09-04 06:32:59.313142,5.46033302158806,186.1223542741048,118.05750941108914,24.993854088096196
2026-09-04 06:32:59.409730,4.952722141445173,187.07472416049146,118.07912692965012,24.82758824080065
2026-09-04 06:32:59.511836,4.41930421931132,188.07460367971015,118.42191459740185,24.72676901531188
2026-09-04 06:32:59.610831,3.8984717612429693,189.03698317773853,118.58808634621721,24.712063649530858
2026-09-04 06:32:59.711049,3.368696712215484,190.00914026742763,118.20677711445504,24.54480339667317
2026-09-04 06:32:59.811827,2.846040714748845,190.9836127965698,118.18422182512782,24.338742662454752
2026-09-04 06:32:59.911671,2.332952729539983,191.9411509156832,118.19539494975615,24.259350612805953
2026-09-04 06:33:00.012616,1.8157107877634928,192.90598925785727,118.21798761562705,24.10498999385966
2026-09-04 06:33:00.112519,-0.10644083994253828,193.43448527604022,122.30964973101209,24.093365351297688
2026-09-04 06:33:00.212969,-0.6847195390142704,194.34889072014252,122.53446852210932,24.084587997761094
2026-09-04 06:33:00.312944,-1.2636193096487076,195.25637613688588,122.28833726771468,23.976263484015117
2026-09-04 06:33:00.412689,-2.314094996587706,197.09911662478098,122.76408068781792,26.32630526192762
2026-09-04 06:33:00.514184,-2.960528119706969,198.10356684288172,123.10481712190075,26.23229740259176
2026-09-04 06:33:00.614242,-3.6013897519678655,199.0864659567335,123.30636442642685,26.052189533329503
2026-09-04 06:33:00.713604,-4.236830066442977,200.05359725327594,123.09509989198233,25.963630239138826
2026-09-04 06:33:00.813845,-4.872122883777261,201.02831667481303,123.1511876481754,25.9137034201601
2026-09-04 06:33:00.914365,-5.508913548272375,202.00324657236828,123.40990942630638,25.882082927586726
2026-09-04 06:33:01.013547,-6.140793376217298,202.96118208485512,123.22122569571592,26.0363476116754
2026-09-04 06:33:01.114060,-7.480947253211037,203.6164333925159,126.10531189507834,25.886375930039527
2026-09-04 06:33:01.214117,-8.163255119749605,204.55192883385607,125.72461523577135,25.69315534120799
2026-09-04 06:33:01.420334,-9.546246140691792,206.47482069062949,125.79384588282517,25.484131365445197
2026-09-04 06:33:01.517850,-10.196004471164533,207.37593682520156,125.30277852818668,25.407442548448955
2026-09-04 06:33:01.617211,-10.848194090519089,208.2969625467904,125.76977964112493,25.228589303353438
2026-09-04 06:33:01.717108,-11.50675880250162,209.2111009240297,126.30637431168914,25.312388012641197
2026-09-04 06:33:01.817122,-12.176855445764309,210.12311428566673,126.17206852827769,25.280052766494318
2026-09-04 06:33:01.917383,-12.845606654946188,211.03778219510025,126.54232157699275,25.281804934225395
2026-09-04 06:33:02.017087,-13.516553060774651,211.9431148975243,126.82125802233321,25.3244945565187
2026-09-04 06:33:02.117000,-14.5878194924026,213.23035208519946,127.45428962450262,25.565673576595785
2026-09-04 06:33:02.216926,-15.282327635104076,214.13694939205254,128.10286307702256,25.41549063714965
2026-09-04 06:33:02.316881,-15.983116991149153,215.0306072169818,127.91270879205985,25.56833739198423
2026-09-04 06:33:02.417508,-16.689852910316592,215.9380341671916,127.91270879205985,25.675609794202156
2026-09-04 06:33:02.516654,-17.389108771123777,216.83585695499627,127.85723372022777,25.684273203796376
2026-09-04 06:33:02.616449,-18.09230377036182,217.74054300053965,128.2704364462254,25.698225394875475
2026-09-04 06:33:02.716844,-18.80665958913733,218.64603454779208,127.83227984156835,25.783319106777654
2026-09-04 06:33:02.816707,-19.512651440580193,219.55513571386982,127.75405308569607,25.723981890029712
2026-09-04 06:33:03.033892,-21.041835158640264,221.5298152690435,127.36518483964767,25.710697503076084
2026-09-04 06:33:03.133212,-21.73442410558173,223.71900296954092,125.04854361458776,26.431049870716997
2026-09-04 06:33:03.233204,-22.41291242379353,224.68623951291337,125.13806110810451,26.479978937467177
2026-09-04 06:33:03.333008,-23.092889044101945,225.65238348564682,125.1157238113134,26.461665035187742
2026-09-04 06:33:03.433137,-23.774230438899416,226.6212689198617,125.33982416705035,26.414418791143582
2026-09-04 06:33:03.532812,-24.455032021597393,227.5813837577542,125.22828204160177,26.406580120736574
2026-09-04 06:33:03.632562,-25.134272414877568,228.54326004595507,125.35107070189618,26.329877672409804
2026-09-04 06:33:03.732674,-25.816058964260144,229.50436407311943,125.28385200956868,26.309757688739438
2026-09-04 06:33:03.832226,-26.594131009682798,230.59522635610608,125.04044525436905,26.61424525397563
2026-09-04 06:33:03.932689,-27.280401747922905,231.5738515172315,124.81559736775877,26.585276238688966
2026-09-04 06:33:04.032679,-27.958874456373643,232.54947897835015,124.7820289791249,26.464703450180107
2026-09-04 06:33:04.132428,-28.521391734146587,234.5373343940361,123.14052381761498,26.70613192944074
2026-09-04 06:33:04.232094,-29.171894227787817,235.53366214856965,123.40820074703456,26.66781300104507
2026-09-04 06:33:04.332048,-29.827994698970468,236.5283809124895,122.84892903361165,26.67916721780979
2026-09-04 06:33:04.431709,-30.472734170912393,237.52694694276184,122.52550230357348,26.653041986426693
2026-09-04 06:33:04.537547,-31.1507730450587,238.5902101240734,122.6320972965597,26.570733373802543
2026-09-04 06:33:04.637811,-31.79298617882987,239.59317248293684,122.82283942279155,26.40514856875154
2026-09-04 06:33:05.165544,-35.26831544378296,245.70503317888424,121.67668698445,25.91264511133052
2026-09-04 06:33:05.265780,-35.87805574730048,246.6931859650733,121.66546999274048,25.74710654794693
2026-09-04 06:33:05.365786,-36.48231887607476,247.67289150583505,121.65427873936943,25.58194782683137
2026-09-04 06:33:05.465867,-37.082965843801354,248.64715993825757,121.64307909306191,25.41666524410667
2026-09-04 06:33:05.565639,-37.67770093445467,249.61226136660173,121.63191402565258,25.251892971211625
2026-09-04 06:33:05.666053,-38.272194504690546,250.57739190971122,121.6206771147072,25.08606044294234
2026-09-04 06:33:05.766380,-38.86208437460034,251.53546931063764,121.60944993956812,24.92037159413966
2026-09-04 06:33:05.866288,-39.44544508974647,252.48335828108165,121.59826965296736,24.755374718860043
2026-09-04 06:33:05.966532,-40.02670793348202,253.42825148770135,121.58705176601129,24.589822943571477
2026-09-04 06:33:06.066073,-41.24374985408349,255.69423501481808,121.12616782409056,25.3923649279097
2026-09-04 06:33:06.166685,-41.83412260407994,256.67189728208996,121.11490875579295,25.22620540499229
2026-09-04 06:33:06.266764,-42.41733520164567,257.6381313127395,121.10370933329708,25.060926125243835
2026-09-04 06:33:06.366828,-42.99645220312838,258.59800403059444,121.0925115893885,24.895671617817207
2026-09-04 06:33:06.467136,-43.57296644966936,259.55398509010894,121.08128654045997,24.73001414728884
2026-09-04 06:33:06.567025,-44.14306710066834,260.49975000638483,121.07010838006977,24.56504865028354
2026-09-04 06:33:06.667164,-44.71059836862384,261.4416680380237,121.05890224322474,24.399670281247772
2026-09-04 06:33:06.767364,-45.274469146809786,262.3779250413827,121.0476892801247,24.234191171436567
2026-09-04 06:33:06.867319,-45.83296481387223,263.3056679205048,121.03650373395044,24.069116676215224
2026-09-04 06:33:06.967537,-46.38893533831292,264.229624343952,121.02528875654566,23.903607839617827
2026-09-04 06:33:09.041754,-50.93473481151145,271.17334997425485,121.76661829080915,29.254529665214775
2026-09-04 06:33:09.141015,-55.31371154367228,277.57740329659526,123.09286088958642,33.99915365248797
2026-09-04 06:33:09.240505,-56.139339968126784,278.8442597602053,123.01492631980851,33.78442498237456
2026-09-04 06:33:09.345750,-57.005398656577725,280.1771128898652,123.0384813757259,33.76051449268124
2026-09-04 06:33:09.440295,-57.78334849560164,281.37329099376814,122.53063486253235,33.89352259353631
2026-09-04 06:33:09.545032,-58.63673157099995,282.7112548886284,122.89397593640874,33.96673821741784
2026-09-04 06:33:09.646135,-59.47047613249806,284.00032492151183,122.7808357958597,34.035646637945085
2026-09-04 06:33:09.746890,-60.30049302318738,285.2892055893444,122.32983296266904,34.217009131374084
2026-09-04 06:33:09.846613,-61.11626537949607,286.57814347400046,122.26287545852392,34.50020854271032
2026-09-04 06:33:09.946263,-61.93666921479808,287.87775762836714,122.89850610778814,34.781459154372584
2026-09-04 06:33:10.047486,-62.7915296469067,289.1992462159473,122.73992190924294,34.89025140625441
2026-09-04 06:33:10.147991,-66.5033269524703,293.78205757678563,124.83056969275013,38.30018622418196
2026-09-04 06:33:10.246962,-67.47117377613802,295.1730224737499,125.27358692667117,38.25608082219052
2026-09-04 06:33:10.462518,-69.60002309473634,298.18264510237367,125.44244072225918,38.04889193808619
2026-09-04 06:33:10.560655,-70.56799533663357,299.5425798871792,124.92628195670929,38.147507230831245
2026-09-04 06:33:10.659490,-71.53296911394824,300.92448605820607,125.28020872972026,38.09914431867574
2026-09-04 06:33:10.759764,-72.51938223828017,302.31866816602917,124.75281025557952,37.990495833640836
2026-09-04 06:33:10.859989,-73.48966988989936,303.71718556621613,124.75281025557952,37.94495583022951
2026-09-04 06:33:11.073514,-76.19694538949616,307.47130321464056,125.1326322418984,38.51655311519935
2026-09-04 06:33:11.280150,-78.24444262861851,310.3810729723414,125.68760274324836,38.37571693443253
2026-09-04 06:33:11.380424,-79.24797631715705,311.77827573462514,125.40707163998201,38.46421287788837
2026-09-04 06:33:11.479110,-80.23113497780997,313.1613528166577,125.50646347918757,38.64098877811542
2026-09-04 06:33:11.580054,-81.24387468624235,314.58082278494777,125.49516725815795,38.71949140092323
2026-09-04 06:33:11.679481,-82.24314512642728,315.98199824969663,125.75107583589599,38.79855186845689
2026-09-04 06:33:11.779517,-83.25688847642304,317.39012083211855,125.0905938137029,38.86411070407563
2026-09-04 06:33:12.001111,-85.47010275551062,320.54030540845486,125.73533292522822,38.933817343861776
2026-09-04 06:33:12.093848,-84.91550821994485,320.2513529790416,124.88774737300834,37.28428804972074
2026-09-04 06:33:12.311314,-86.98868919192184,323.2245429719364,126.03152578593183,36.95174868313721
2026-09-04 06:33:12.528042,-89.09461855666379,326.1197547160973,125.06140080918875,36.724495529057045
2026-09-04 06:33:12.628034,-90.03764245055106,327.4634653131461,125.09496986925754,36.540137795409045
2026-09-04 06:33:12.727091,-90.9679344635879,328.78738400865285,125.32775601897585,36.369621830324824
2026-09-04 06:33:12.949246,-93.05655285307412,331.7342175503417,125.25317470707509,36.53074122994511
2026-09-04 06:33:13.147924,-91.69308325446336,332.0265209487906,122.37633580672917,33.68547246482099
2026-09-04 06:33:13.346460,-93.29400443095038,334.55147354652956,122.39855314048194,33.60220139288112
2026-09-04 06:33:13.445484,-94.09101067890329,335.8074245386843,122.1326004559271,33.5182697256925
2026-09-04 06:33:13.546349,-94.89487458990578,337.0872751524914,121.94071498793885,33.535896958434535
2026-09-04 06:33:13.646292,-95.68755554690635,338.3587555005292,121.89597817472108,33.56209611357166
2026-09-04 06:33:13.747378,-96.48892320006414,339.6464079366681,121.78285705816131,33.577112090190084
2026-09-04 06:33:13.953690,-98.12001631889218,342.2788501687064,120.99788160242166,33.476157477627446
2026-09-04 06:33:14.158304,-95.96603173613167,343.25224126811474,115.2907556753094,30.948063764351232
2026-09-04 06:33:14.257953,-96.55500590070324,344.4987462377851,115.05657831244478,30.923683151039224
2026-09-04 06:33:14.357571,-97.13823902046995,345.7462759334968,114.9339521394001,30.917589893864253
2026-09-04 06:33:14.457387,-97.71984010345452,346.99728653055604,114.85576220054242,30.781527405048934
2026-09-04 06:33:14.556892,-98.29538258377382,348.23969758753907,115.04506040598702,30.74327037687472
2026-09-04 06:33:14.656979,-98.87769237117668,349.48590520218454,114.96665818178998,30.677678118282092
2026-09-04 06:33:14.757324,-99.45855104838486,350.73345554078907,114.94419980290235,30.662772214657696
2026-09-04 06:33:14.857113,-100.0354244827006,351.9737167510944,114.67619252750403,30.600863089145996
2026-09-04 06:33:14.963891,-100.6452525889128,353.301030640024,114.42526185632862,30.544881311788263
2026-09-04 06:33:15.071754,-101.25428309266363,354.64205897854356,114.09935842669634,30.564674029931496
2026-09-04 06:33:15.171812,-100.9331797578521,354.2552153654733,114.13707837166575,27.97831574532047
2026-09-04 06:33:15.272144,-101.44633284708655,355.4003946529399,114.02480102498397,27.934480532028594
2026-09-04 06:33:15.371500,-101.9514782047917,356.5336492743857,113.9580899374531,27.81293589955723
2026-09-04 06:33:15.575400,-102.98093834848028,358.85041385783046,114.34598907910583,27.517176222011596
2026-09-04 06:33:15.671737,-103.46947773137285,359.93009717202233,114.39989243370496,27.497814918003563
2026-09-04 06:33:15.771949,-103.97836589932507,361.05194050984596,114.71389300086088,27.491685328089908
2026-09-04 06:33:15.872531,-104.49518082616784,362.1748594450161,114.82645011209105,27.48201755157662
2026-09-04 06:33:15.964304,-104.96857827639315,363.19814450853073,114.65186125516661,27.45395051094547
2026-09-04 06:33:16.064201,-105.4799628610204,364.3124394544006,114.48417542061529,27.480137607597893
2026-09-04 06:33:16.164289,-105.98954119970982,365.4314259641206,114.5065762799118,27.50637477317592
2026-09-04 06:33:16.388999,-107.13568329143303,367.9456404743528,114.55686899324924,27.58098865700063
2026-09-04 06:33:16.481965,-107.61206156872056,368.9882136920999,114.38001057440232,27.552556759827
2026-09-04 06:33:16.588380,-108.15311084291173,370.182057149218,114.45146132100645,27.44748283782058
2026-09-04 06:33:16.681519,-108.62615230571188,371.22238653776793,114.54526648599203,27.503638598141244
2026-09-04 06:33:16.787831,-109.16914988310675,372.4113957085388,114.52147262305611,27.593747494996112
2026-09-04 06:33:16.886511,-109.67435778652785,373.51887320168004,114.10184370538164,27.575639845233226
